{
    "C": {
        "Ag": -2.7849687675665677,
        "Au": -3.254332617555008,
        "Co": -4.90994148755675,
        "Cr": -4.900449197554224,
        "Cu": -3.5184065775724207,
        "Fe": -4.928183307540564,
        "Hf": -4.18591895254616,
        "Ir": -4.766074767544012,
        "Mo": -4.611507982543515,
        "Nb": -4.221141367529015,
        "Ni": -4.643323667540642,
        "Os": -4.881287217537135,
        "Pd": -4.079886797543111,
        "Pt": -4.659677707550543,
        "Re": -4.407525337552613,
        "Rh": -4.421447897552241,
        "Ru": -4.623190507544166,
        "Sc": -4.035956338561334,
        "Ta": -4.150452179547244,
        "Ti": -4.52384093754921,
        "V": -4.5042388045444,
        "W": -4.34754259755249,
        "Y": -3.650463281552618,
        "Zr": -4.209394757552616,
        "Al": -3.7759693925513034,
        "Mg": -3.0278677805476377
    },
    "O": {
        "Ag": -3.714354524357759,
        "Au": -3.5515062343599766,
        "Co": -4.972582764368553,
        "Cr": -5.833888364357108,
        "Cu": -4.348854054345566,
        "Fe": -5.1242452743442755,
        "Hf": -5.757763021347046,
        "Ir": -4.853247254342705,
        "Mo": -5.702787726344241,
        "Nb": -5.491269154326574,
        "Ni": -4.803012034329868,
        "Os": -5.127341114331784,
        "Pd": -4.128006864337067,
        "Pt": -4.328056524331032,
        "Re": -5.150883594351171,
        "Rh": -4.634348534365699,
        "Ru": -5.07098919435316,
        "Sc": -6.168923487360871,
        "Ta": -5.255059651344482,
        "Ti": -6.050395874362721,
        "V": -5.602684258350337,
        "W": -5.285183884346907,
        "Y": -5.728848613345463,
        "Zr": -5.845264625355185,
        "Al": -5.8822431273490565,
        "Mg": -4.996037077349456
    }
}