{
    "C": {
        "Sc": -4.775415960301473,
        "Ni": -5.056614591618711,
        "Cu": -3.5143349878440517,
        "Zr": -5.232313735216451,
        "Mo": -5.539351072099237,
        "Ru": -5.819808601309489,
        "Rh": -5.70901214566635,
        "Pd": -4.893619218574315,
        "Ag": -2.6496603397777676,
        "Hf": -5.151197144131004,
        "Ta": -5.199069043296333,
        "W": -5.321590476053245,
        "Re": -5.223426089064162,
        "Os": -5.619951463212203,
        "Ir": -5.598987677013213,
        "Pt": -5.156398872257853,
        "Au": -3.0002260947026684,
        "Cr": -5.864921266149906,
        "Fe": -6.182525055507142,
        "Nb": -5.25369127047685,
        "Ti": -5.520586918110496,
        "V": -5.670420552904545,
        "Y": -4.323919645098215,
        "Al": -3.5127648910134326
    },
    "O": {
        "Ni": -3.4630778565189075,
        "Cu": -4.242098143091539,
        "Zr": -7.603082016648955,
        "Mo": -6.805178934388209,
        "Ru": -5.678047223540602,
        "Rh": -4.9235926939292085,
        "Pd": -4.117283334955687,
        "Ag": -3.4354261924164575,
        "Hf": -7.555933532101449,
        "Ta": -7.020520982594576,
        "W": -6.708401919779249,
        "Re": -6.0190883138567415,
        "Os": -5.698930872196911,
        "Ir": -4.832705991575608,
        "Pt": -4.10442201039416,
        "Au": -3.2055921774591525,
        "Cr": -6.984039904753558,
        "Fe": -6.182726419763753,
        "Nb": -6.955646322312646,
        "Ti": -7.6665491680979585,
        "V": -7.350016282755064,
        "Y": -7.422819523948533,
        "Al": -5.734112878566634
    }
}