{
    "C": {
        "Sc": -4.8043178558824025,
        "Co": 1.1003965746253357,
        "Ni": -5.062995676935827,
        "Cu": -3.44454174721119,
        "Zr": -5.2842090669824415,
        "Mo": -5.528718327923855,
        "Ru": -5.818525905337594,
        "Rh": -5.7122150376040395,
        "Pd": -4.963794735895647,
        "Ag": -2.6041778490130696,
        "Hf": -5.22165743981401,
        "Ta": -5.211201261025565,
        "W": -5.309381775058284,
        "Re": -5.191935736477319,
        "Os": -5.6052177627230435,
        "Ir": -5.575423200900843,
        "Pt": -5.187242860988192,
        "Au": -2.9715464453861955,
        "Cr": -5.8615511868216,
        "Fe": -6.155644285254823,
        "Nb": -5.25408613174892,
        "Ti": -5.528495874833027,
        "V": -5.683382058118298,
        "Y": -4.344382862380883
    },
    "O": {
        "Sc": -5.889420326493678,
        "Co": -3.9796755268472452,
        "Ni": -3.131167669256797,
        "Cu": -4.1742423041724805,
        "Zr": -7.654529947816741,
        "Mo": -6.815426821034748,
        "Ru": -5.666101659531819,
        "Rh": -4.924691350752369,
        "Pd": -4.158069693716357,
        "Ag": -3.3720711495262776,
        "Hf": -7.617730427169704,
        "Ta": -7.022592741792437,
        "W": -6.7059826983896755,
        "Re": -5.983708455984129,
        "Os": -5.681223570427505,
        "Ir": -4.802848632651262,
        "Pt": -4.087953165435579,
        "Au": -3.1854829543154892,
        "Cr": -6.9897286677006605,
        "Fe": -6.190453756717147,
        "Nb": -6.952765062364165,
        "Ti": -7.559401054568411,
        "V": -7.35092388519854,
        "Y": -7.4811948536518
    }
}