{
    "C": {
        "Ag": -2.451156800442476,
        "Al": -3.4441863004619506,
        "Au": -2.9253883504468092,
        "Co": -4.58120049047713,
        "Cu": -3.2384010304274113,
        "Ir": -4.430987800461224,
        "Ni": -4.312838970454976,
        "Os": -4.543526870464774,
        "Pd": -3.715828970457295,
        "Pt": -4.305555030475006,
        "Rh": -4.090017600454956,
        "Ru": -4.315645000465082,
        "Fe": -4.604984870446714,
        "Mg": -2.7705063254586264
    },
    "O": {
        "Ag": -3.353153069993141,
        "Al": -5.439204525000832,
        "Au": -3.1444733199843995,
        "Cu": -4.005494139996017,
        "Fe": -4.741932550003412,
        "Ir": -4.443680420003375,
        "Ni": -4.420945849991995,
        "Os": -4.721900210012109,
        "Pd": -3.7334008499985885,
        "Pt": -3.8950525300117533,
        "Rh": -4.256031669991216,
        "Ru": -4.722800500016319,
        "Co": -4.594436650013677,
        "Mg": -4.647322653998572
    }
}