{
    "C": {
        "Ag": -3.2305557175608897,
        "Au": -3.74769580753167,
        "Co": -6.365160147532549,
        "Cr": -6.29223513754954,
        "Cu": -4.33132283755225,
        "Fe": -6.624326527544724,
        "Hf": -5.560393958560269,
        "Ir": -6.260507757546691,
        "Mo": -6.01595102154937,
        "Nb": -5.715841847548688,
        "Ni": -5.833697877551856,
        "Os": -6.169648257539336,
        "Pd": -5.488670467534064,
        "Pt": -5.954267987534365,
        "Re": -5.783819957538469,
        "Ru": -6.3746015475666695,
        "Sc": -5.169332091555077,
        "Ta": -5.6805085425480115,
        "Ti": -6.076201247550159,
        "V": -6.101872733550806,
        "W": -5.846141517559261,
        "Y": -4.832985514560676
    },
    "O": {
        "Ag": -3.923522984345027,
        "Au": -3.642408164332437,
        "Co": -5.74115659433096,
        "Cr": -7.353266574353029,
        "Cu": -4.875731464356932,
        "Fe": -6.268860694339082,
        "Hf": -8.024080098357217,
        "Ir": -5.555745574352613,
        "Mo": -7.268028816351716,
        "Nb": -7.383684134341593,
        "Ni": -5.3746463343538835,
        "Os": -6.1441748743507105,
        "Pd": -4.606970214341118,
        "Pt": -4.713925784335288,
        "Re": -6.518427724336789,
        "Ru": -6.193276174364428,
        "Sc": -8.150074382354205,
        "Ta": -7.458192304356771,
        "Ti": -8.327576554349207,
        "V": -7.6931138923516755,
        "W": -7.2498897143502745,
        "Y": -7.840301625355778
    }
}