{
    "C": {
        "Ag": -2.6980720675387033,
        "Al": -3.8295003065472315,
        "Au": -3.1299965875409157,
        "Co": -4.915520627535841,
        "Cu": -3.451092137595367,
        "Fe": -4.923089887587082,
        "Hf": -4.202476943556064,
        "Ir": -4.705931217573777,
        "Nb": -4.2288224575353865,
        "Ni": -4.588951647503961,
        "Os": -4.872033307551135,
        "Pd": -4.054963217542934,
        "Re": -4.408527797543172,
        "Rh": -4.533616757533707,
        "Ru": -4.638634737541395,
        "Sc": -4.054628787551735,
        "Ta": -4.15592002755551,
        "Ti": -4.537443487559756,
        "V": -4.525504227542513,
        "W": -4.333187507542277,
        "Y": -3.658010630552269,
        "Zr": -4.238757609553829,
        "Cr": -4.904067897547463,
        "Mo": -4.593723707545394,
        "Pt": -4.536243607454196
    },
    "O": {
        "Ag": -3.6326688043461672,
        "Al": -5.985857272351268,
        "Au": -3.4381087743365697,
        "Co": -4.989435864348479,
        "Cu": -4.251608994379922,
        "Fe": -5.133702594377382,
        "Hf": -5.769334389345886,
        "Ir": -4.659349814375446,
        "Nb": -5.5315549243221085,
        "Ni": -4.718585184307585,
        "Os": -5.131534664365745,
        "Pd": -3.990445024331848,
        "Re": -5.157354054359303,
        "Rh": -4.656492754349301,
        "Ru": -5.1117298143487915,
        "Sc": -6.178141074340374,
        "Ta": -5.252213604353301,
        "Ti": -6.058976434358328,
        "V": -5.624245334341822,
        "W": -5.29238727432471,
        "Y": -5.731587302359685,
        "Zr": -5.861307233351681,
        "Cr": -5.866901484345135,
        "Mo": -5.715134754352903,
        "Pt": -4.164486864346827
    }
}