{
    "C": {
        "Ag": -3.2428568975487337,
        "Al": -3.846084964552972,
        "Au": -3.751476427558771,
        "Co": -6.368270407536727,
        "Cr": -6.293992587558421,
        "Cu": -4.361619587569692,
        "Fe": -6.622996167560302,
        "Hf": -5.562377668542865,
        "Ir": -6.255596637555243,
        "Mg": -3.144196580550158,
        "Mo": -6.011611894548366,
        "Nb": -5.716692737555093,
        "Ni": -5.845589527529626,
        "Os": -6.169181047549898,
        "Pd": -5.489809937560892,
        "Pt": -5.961824717542584,
        "Re": -5.797451237555322,
        "Rh": -6.230359167548556,
        "Sc": -5.167066879545416,
        "Ta": -5.68632932955046,
        "Ti": -6.08141670756271,
        "V": -6.097104754550344,
        "W": -5.8408018175582015,
        "Y": -4.828970338556644,
        "Zr": -5.752410949546572,
        "Ru": -6.38695768754809
    },
    "O": {
        "Ag": -3.9363385943559024,
        "Al": -6.226556653351281,
        "Au": -3.6367420743606544,
        "Co": -5.748597004332396,
        "Cr": -7.350684074362789,
        "Cu": -4.89758792437874,
        "Fe": -6.264728234351196,
        "Hf": -8.024385274342194,
        "Ir": -5.552448914355182,
        "Mg": -5.419804441347651,
        "Mo": -7.26428806734998,
        "Nb": -7.385767164376148,
        "Ni": -5.386257974341561,
        "Os": -6.1402158843391135,
        "Pd": -4.605519304340987,
        "Pt": -4.710406664349421,
        "Re": -6.515879514334074,
        "Rh": -5.379909964334502,
        "Sc": -8.150550309348318,
        "Ta": -7.455379736360328,
        "Ti": -8.329934544349953,
        "V": -7.684373595342322,
        "W": -7.248097834349892,
        "Y": -7.839942435353578,
        "Zr": -8.091257385339986,
        "Ru": -6.210290504355498
    }
}