{
    "CO": {
        "Ag": [
            -0.20787795935677877
        ],
        "Al": [
            -0.3956820873564766
        ],
        "Au": [
            -0.2628318893540609
        ],
        "Co": [
            -1.8930536293474916
        ],
        "Cr": [
            -1.8564379893642808
        ],
        "Cu": [
            -0.7673133893978275
        ],
        "Fe": [
            -2.0205946093766443
        ],
        "Hf": [
            -1.4352075483612907
        ],
        "Ir": [
            -1.819229559360906
        ],
        "Mo": [
            -1.7339226893665227
        ],
        "Nb": [
            -1.3942299293113365
        ],
        "Ni": [
            -1.6215712293625302
        ],
        "Os": [
            -1.9251446993722539
        ],
        "Pd": [
            -1.3449401793469633
        ],
        "Pt": [
            -1.5394170793580315
        ],
        "Re": [
            -1.7432874893703456
        ],
        "Rh": [
            -1.8152357393402099
        ],
        "Ru": [
            -1.863681799353003
        ],
        "Sc": [
            -1.2228002493494614
        ],
        "Ta": [
            -1.5074966293606167
        ],
        "Ti": [
            -1.5998911093621473
        ],
        "V": [
            -1.6489978693563216
        ],
        "W": [
            -1.800289069359792
        ],
        "Y": [
            -1.1032372413602616
        ],
        "Zr": [
            -1.444066758368649
        ]
    },
    "C": {
        "Os": [
            -6.06078789675891
        ],
        "Y": [
            -4.72106210176068
        ],
        "Nb": [
            -5.637867756757686
        ],
        "Ti": [
            -5.963302026752416
        ],
        "Ag": [
            -2.986565116751507
        ],
        "Hf": [
            -5.4515540027518625
        ],
        "Pd": [
            -5.3910047267440575
        ],
        "Al": [
            -3.7561241307507487
        ],
        "Pt": [
            -5.7385481166879515
        ],
        "Rh": [
            -6.271413116732646
        ],
        "Ta": [
            -5.553429066758753
        ],
        "Cu": [
            -4.061694086749839
        ],
        "Zr": [
            -5.62229223674737
        ],
        "Ru": [
            -6.289490466750493
        ],
        "W": [
            -5.711160126741078
        ],
        "Cr": [
            -6.174646176763844
        ],
        "Mo": [
            -5.895532076744047
        ],
        "Fe": [
            -6.51053015676959
        ],
        "Re": [
            -5.670767146732459
        ],
        "Au": [
            -3.478153446735149
        ],
        "Sc": [
            -5.049457376752315
        ],
        "V": [
            -6.027647296740241
        ],
        "Ni": [
            -5.678032166719703
        ],
        "Co": [
            -6.270398546754649
        ],
        "Ir": [
            -6.116314096771447
        ]
    },
    "O": {
        "Zr": [
            -7.907819054927245
        ],
        "Pt": [
            -4.353283523895811
        ],
        "Co": [
            -5.594436483917093
        ],
        "Ta": [
            -7.273403473919757
        ],
        "Os": [
            -5.984046763937954
        ],
        "W": [
            -7.081925943895044
        ],
        "Al": [
            -6.14394697491764
        ],
        "Cr": [
            -7.196949143916868
        ],
        "Rh": [
            -5.281469523900455
        ],
        "Cu": [
            -4.530949083936434
        ],
        "Mo": [
            -7.106208293925306
        ],
        "Hf": [
            -7.856123956918168
        ],
        "Ti": [
            -8.15363390392406
        ],
        "Au": [
            -3.335896553901989
        ],
        "Ag": [
            -3.6121918239160777
        ],
        "Nb": [
            -7.239424483873449
        ],
        "Ru": [
            -6.048109573917031
        ],
        "Ni": [
            -5.090450503886245
        ],
        "Ir": [
            -5.2043438939373345
        ],
        "Pd": [
            -4.289950113911914
        ],
        "Fe": [
            -6.106522613926359
        ],
        "Re": [
            -6.35013783390707
        ],
        "Y": [
            -7.674404569924377
        ],
        "V": [
            -7.550868703919264
        ],
        "Sc": [
            -7.976915013911935
        ]
    }
}