{
    "C": {
        "Ag": -2.834660837532681,
        "Au": -3.295396627556727,
        "Co": -4.909722167551479,
        "Cr": -4.908242677560736,
        "Cu": -3.6208734875439745,
        "Fe": -4.925581357547742,
        "Hf": -4.206404498549489,
        "Ir": -4.763247087558227,
        "Mo": -4.607359063553702,
        "Nb": -4.2111383275664025,
        "Ni": -4.678715477541516,
        "Os": -4.877824837535115,
        "Pd": -4.084412057553379,
        "Pt": -4.679134937545712,
        "Re": -4.419594667550371,
        "Rh": -4.427060927544915,
        "Ru": -4.628786257544959,
        "Sc": -4.067026703549743,
        "Ta": -4.16961947054773,
        "Ti": -4.5436714975552945,
        "V": -4.486574262544707,
        "W": -4.340067087560271,
        "Y": -3.6539293305435763,
        "Zr": -4.251593490542689,
        "Al": -3.800346166550696,
        "Mg": -3.0842040515494205
    },
    "O": {
        "Ag": -3.7630075243339434,
        "Au": -3.553158904365546,
        "Co": -4.966810824347476,
        "Cr": -5.826085094360451,
        "Cu": -4.417204694354723,
        "Fe": -5.104105584350464,
        "Hf": -5.765443025343984,
        "Ir": -4.847054474359311,
        "Mo": -5.688211132348215,
        "Nb": -5.480297244355597,
        "Ni": -4.824693124331816,
        "Os": -5.111822054341019,
        "Pd": -4.1301782043572075,
        "Pt": -4.316186914363925,
        "Re": -5.139654004333124,
        "Rh": -4.644959884344416,
        "Ru": -5.101243624345216,
        "Sc": -6.177122548351463,
        "Ta": -5.255302104354769,
        "Ti": -6.058632484358668,
        "V": -5.574207817347769,
        "W": -5.285810554354384,
        "Y": -5.71750418634997,
        "Zr": -5.869812831338777,
        "Al": -5.876979085352787,
        "Mg": -5.018177347350274
    }
}