{
    "C": {
        "Ag": -3.0938449075514995,
        "Al": -3.8634039215507414,
        "Au": -3.585433237535142,
        "Co": -6.3776783375546415,
        "Cr": -6.281925967563836,
        "Cu": -4.168973877549831,
        "Fe": -6.617809947569583,
        "Hf": -5.558833793551855,
        "Ir": -6.22359388757144,
        "Mo": -6.00281186754404,
        "Nb": -5.7451475475576785,
        "Ni": -5.785311957519696,
        "Os": -6.168067687558903,
        "Pd": -5.49828451754405,
        "Re": -5.7780469375324515,
        "Rh": -6.378692907532638,
        "Ru": -6.396770257550486,
        "Sc": -5.156737167552308,
        "Ta": -5.660708857558745,
        "Ti": -6.070581817552409,
        "V": -6.134927087540234,
        "W": -5.81843991754107,
        "Y": -4.8283418925606725,
        "Zr": -5.729572027547363,
        "Pt": -5.845827907487944
    },
    "O": {
        "Ag": -3.7881000843460697,
        "Al": -6.319855235347632,
        "Au": -3.511804814331981,
        "Co": -5.770344744347085,
        "Cr": -7.37285740434686,
        "Cu": -4.706857344366426,
        "Fe": -6.282430874356351,
        "Hf": -8.03203221734816,
        "Ir": -5.3802521543673265,
        "Mo": -7.282116554355298,
        "Nb": -7.415332744303441,
        "Ni": -5.266358764316237,
        "Os": -6.159955024367946,
        "Pd": -4.465858374341906,
        "Re": -6.526046094337062,
        "Rh": -5.457377784330447,
        "Ru": -6.224017834347023,
        "Sc": -8.152823274341927,
        "Ta": -7.449311734349749,
        "Ti": -8.329542164354052,
        "V": -7.726776964349256,
        "W": -7.257834204325036,
        "Y": -7.850312830354369,
        "Zr": -8.083727315357237,
        "Pt": -4.529191784325803
    }
}