{
    "C": {
        "Ag": [
            -3.0938381075579287,
            -4.6384284775598985,
            -4.638420577557952,
            -4.559780087544311
        ],
        "Al": [
            -3.863404330546871,
            -7.263612545550529,
            -7.188831853546105,
            -7.263614177547822
        ],
        "Au": [
            -3.5854336475499053,
            -5.448855717539516,
            -5.448855717539516,
            -5.292400607537672
        ],
        "Co": [
            -6.3776716675387775,
            -8.502779217542809,
            -8.502780167550043,
            -8.280527107552587
        ],
        "Cr": [
            -6.281924057537651,
            -8.0250452775403,
            -9.000444937545069,
            -9.000438407547733
        ],
        "Cu": [
            -4.1689736075827,
            -6.115646177543056,
            -6.115635707556464,
            -6.042762937595796
        ],
        "Fe": [
            -6.617809547566537,
            -8.037958717545223,
            -8.632413837582533,
            -8.70507802754986
        ],
        "Hf": [
            -5.55883542655323,
            -9.274432419555922,
            -9.274431467555075,
            -9.231524830557134
        ],
        "Ir": [
            -6.223593747552911,
            -8.223965397559766,
            -7.98577300754954,
            -8.22395886756243
        ],
        "Mo": [
            -6.002810507551146,
            -7.934231507552283,
            -8.938115497545766,
            -8.938080807555195
        ],
        "Nb": [
            -5.745153397544016,
            -7.6415661475516,
            -8.593582657504555,
            -8.688853107556895
        ],
        "Ni": [
            -5.785311817530271,
            -8.180176837533907,
            -8.180190987525236,
            -8.13258194753547
        ],
        "Os": [
            -6.168067557552092,
            -8.633481617569885,
            -8.633484607551907,
            -8.124108867563734
        ],
        "Pd": [
            -5.49828397755158,
            -8.007426327549581,
            -8.007428907545943,
            -7.9291055675316215
        ],
        "Pt": [
            -5.845829127520517,
            -7.979263767531336,
            -7.940760617541343,
            -7.979264037498467
        ],
        "Re": [
            -5.77804094755669,
            -8.667582927552246,
            -8.667576127558675,
            -8.63588873755765
        ],
        "Rh": [
            -6.378692907532638,
            -8.489784557536439,
            -8.268136817543962,
            -8.48978700752599
        ],
        "Ru": [
            -6.396770257550486,
            -8.65637822753746,
            -8.656382987556242,
            -8.200504697557733
        ],
        "Sc": [
            -5.156739347545624,
            -8.90624852753939,
            -8.906235327555294,
            -8.387900107558778
        ],
        "Ta": [
            -5.660706137558407,
            -7.865992437557395,
            -8.97500991756209,
            -9.119431887553617
        ],
        "Ti": [
            -6.070582497548855,
            -9.23359574754835,
            -9.205876737560573,
            -9.23359098755867
        ],
        "V": [
            -6.134927087540234,
            -7.931614597550322,
            -8.904830947551488,
            -8.956375157551918
        ],
        "W": [
            -5.818439237530072,
            -8.033869797527984,
            -9.038016377530255,
            -9.037983997539811
        ],
        "Y": [
            -4.828358763556423,
            -8.623512045557106,
            -8.623508644556239,
            -8.16507588155622
        ],
        "Zr": [
            -5.72957338855889,
            -9.127370946549888,
            -9.127375572560084,
            -9.17127801054852
        ]
    },
    "O": {
        "Ag": [
            -3.7881000843460697,
            -5.16860813434846,
            -5.168607994359036,
            -5.092978714352057
        ],
        "Al": [
            -6.319846527350592,
            -9.01644306234607,
            -8.623799806349552,
            -9.016450409346135
        ],
        "Au": [
            -3.511810664347422,
            -4.580200464346262,
            -4.580203594346813,
            -4.429320824330489
        ],
        "Co": [
            -5.770343244335663,
            -7.1968692743373595,
            -7.737586404340391,
            -7.741598454360201
        ],
        "Cr": [
            -7.372857264357435,
            -8.49106865434237,
            -9.050616744350691,
            -9.112894074349015
        ],
        "Cu": [
            -4.706857344366426,
            -6.357486944352559,
            -6.357488574341687,
            -6.281513304389364
        ],
        "Fe": [
            -6.282431964353009,
            -7.594534944333418,
            -7.673915034332595,
            -8.097426474383383
        ],
        "Hf": [
            -8.03203221734816,
            -10.895736306350727,
            -10.436843264351182,
            -10.895735082345482
        ],
        "Ir": [
            -5.3802597743613205,
            -6.512260814369938,
            -6.512258224361858,
            -6.291198114367717
        ],
        "Mo": [
            -7.282113974344384,
            -8.233862994353103,
            -8.643544924356092,
            -8.84159713434724
        ],
        "Nb": [
            -7.4153323343468855,
            -8.844063844355105,
            -9.398901374310071,
            -9.452860994320645
        ],
        "Ni": [
            -7.2533431043245855,
            -7.128945984351731,
            -7.253351674354917,
            -5.266367334346569
        ],
        "Os": [
            -6.159947404373952,
            -6.713935664358132,
            -7.312860934352784,
            -7.149536034352195
        ],
        "Pd": [
            -4.465857964356246,
            -6.002272544339348,
            -5.837086244338707,
            -6.002273764342817
        ],
        "Pt": [
            -4.529196134300719,
            -5.765314454327154,
            -5.765363024312819,
            -5.448472584362889
        ],
        "Re": [
            -6.526044734344168,
            -8.310773664355793,
            -8.310767264336164,
            -7.8999578243508495
        ],
        "Rh": [
            -5.4573764243375535,
            -6.851060894344982,
            -6.851061034334407,
            -6.735416054345251
        ],
        "Ru": [
            -6.2240170143466,
            -7.499019454347717,
            -7.4990161843577425,
            -7.309158414338299
        ],
        "Sc": [
            -8.152823144335116,
            -11.040490394339713,
            -11.040486994342928,
            -10.799189504350352
        ],
        "Ta": [
            -7.449311594360324,
            -9.07367485435475,
            -9.57159637435484,
            -9.658993484363009
        ],
        "Ti": [
            -8.329548694351388,
            -10.79497377435996,
            -10.794979354350062,
            -10.479080634349657
        ],
        "V": [
            -7.7267758743380455,
            -9.175015084341567,
            -9.812072074344314,
            -9.832277894338176
        ],
        "W": [
            -7.257835294321694,
            -8.303427124335713,
            -8.575644904338105,
            -8.834840134337128
        ],
        "Y": [
            -7.850311605359593,
            -10.057687466350899,
            -10.926186524358627,
            -10.676279900360669
        ],
        "Zr": [
            -8.083727995353684,
            -10.763681095353377,
            -10.407254966352184,
            -10.763689258352088
        ]
    }
}