{
    "C": {
        "Ag": -3.1183796375593715,
        "Au": -3.706497637544487,
        "Co": -146184.17813602756,
        "Cr": -6.160018567552868,
        "Cu": -4.262817907544047,
        "Fe": -6.22874376752992,
        "Ir": -6.23365732755741,
        "Mo": -6.012956272552799,
        "Nb": -5.677061267535862,
        "Ni": -5.486295727536742,
        "Os": -97248.90806156756,
        "Pd": -5.400941777527294,
        "Pt": -5.9112535875360095,
        "Re": -93369.70921134755,
        "Ru": -92336.45295105754,
        "Ti": -58397.98841384757,
        "V": -6.040557459553781,
        "W": -5.759639517553694
    },
    "O": {
        "Ag": -3.716312924339718,
        "Au": -3.480211724350511,
        "Cr": -7.005723604348304,
        "Cu": -4.80032709432794,
        "Fe": -5.883391174340204,
        "Ir": -5.555363524353879,
        "Mo": -7.247463949357325,
        "Nb": -7.382089414340726,
        "Ni": -5.142627114340712,
        "Os": -97248.90488504438,
        "Pd": -4.606146924341147,
        "Pt": -4.7093322243288185,
        "Re": -93370.42854168435,
        "Ru": -92336.31605399435,
        "Ti": -58400.09746858437,
        "V": -7.43571570135623,
        "W": -7.247015374346802
    }
}