{
    "C": {
        "Ag": -2.819103537553417,
        "Au": -3.291634787532928,
        "Co": -4.907173677540811,
        "Cu": -3.585648617522054,
        "Fe": -4.926981657529211,
        "Ni": -4.665927887534451,
        "Os": -4.876230387559588,
        "Pd": -4.083809187537952,
        "Pt": -4.670879547531911,
        "Re": -4.412575487531683,
        "Ru": -4.62176054755804,
        "Sc": -4.066920987552692,
        "Ta": -4.164081953557286,
        "Ti": -4.540428177559477,
        "W": -4.3451252775452645,
        "Y": -3.660392034555514,
        "Hf": -4.203718054548915,
        "Mo": -4.609739787545948,
        "Nb": -4.213840417553399,
        "Cr": -4.904985477555272,
        "Ir": -4.766020347557458,
        "V": -4.491172170561583
    },
    "O": {
        "Co": -4.962341214353501,
        "Cu": -4.397266904355774,
        "Hf": -5.766175011360019,
        "Ir": -4.8506394443518275,
        "Mo": -5.692106578351513,
        "Nb": -5.480724884340589,
        "Ni": -4.815769684353427,
        "Os": -5.114565504363554,
        "Pd": -4.130998484351721,
        "Pt": -4.320959794333021,
        "Re": -5.142265334344984,
        "Ru": -5.082902204359698,
        "Sc": -6.1761028023590825,
        "Ta": -5.257910859347021,
        "Ti": -6.057136274362847,
        "W": -5.286307844345856,
        "Y": -5.719213197354975,
        "Ag": -3.749750544344124,
        "Au": -3.559020514335998,
        "Fe": -5.110684214332423,
        "Cr": -5.827458584358965,
        "V": -5.582702122350156
    }
}