{
    "C": {
        "Ag": 2.210000000000001,
        "Al": 1.9699999999999989,
        "Au": 2.120000000000001,
        "Co": 2.0200000000000014,
        "Cu": 2.0799999999999983,
        "Fe": 2.08,
        "Hf": 2.509999999999998,
        "Ir": 2.169999999999998,
        "Nb": 2.3999999999999986,
        "Ni": 2.0,
        "Os": 2.1999999999999993,
        "Pd": 2.1499999999999986,
        "Re": 2.2699999999999996,
        "Rh": 2.1799999999999997,
        "Ru": 2.2200000000000024,
        "Sc": 2.4599999999999973,
        "Ta": 2.460000000000001,
        "Ti": 2.3599999999999994,
        "V": 2.289999999999999,
        "W": 2.379999999999999,
        "Y": 2.66,
        "Zr": 2.509999999999998,
        "Cr": 2.150000000000002,
        "Mo": 2.3000000000000007,
        "Pt": 2.120000000000001
    },
    "O": {
        "Ag": 2.1099999999999994,
        "Al": 1.870000000000001,
        "Au": 2.0199999999999996,
        "Co": 1.92,
        "Cu": 1.9800000000000004,
        "Fe": 1.9799999999999986,
        "Hf": 2.41,
        "Ir": 2.0700000000000003,
        "Nb": 2.299999999999997,
        "Ni": 1.9000000000000021,
        "Os": 2.1000000000000014,
        "Pd": 2.0500000000000007,
        "Re": 2.1700000000000017,
        "Rh": 2.080000000000002,
        "Ru": 2.120000000000001,
        "Sc": 2.3599999999999994,
        "Ta": 2.360000000000003,
        "Ti": 2.259999999999998,
        "V": 2.1900000000000013,
        "W": 2.2799999999999976,
        "Y": 2.5600000000000023,
        "Zr": 2.41,
        "Cr": 2.0500000000000007,
        "Mo": 2.1999999999999993,
        "Pt": 2.020000000000003
    }
}