{
    "Co": 1.92,
    "Cu": 1.9799999999999986,
    "Hf": 2.41,
    "Ir": 2.0699999999999985,
    "Mo": 2.1999999999999993,
    "Nb": 2.3000000000000007,
    "Ni": 1.9000000000000004,
    "Os": 2.099999999999998,
    "Pd": 2.0500000000000007,
    "Pt": 2.0200000000000014,
    "Re": 2.1700000000000017,
    "Rh": 2.08,
    "Ru": 2.120000000000001,
    "Sc": 2.3599999999999994,
    "Ta": 2.3599999999999994,
    "Ti": 2.2600000000000016,
    "W": 2.280000000000001,
    "Y": 2.5599999999999987,
    "Zr": 2.41,
    "Ag": 2.1099999999999994,
    "Au": 2.0199999999999996,
    "Fe": 1.9799999999999986,
    "Cr": 2.0500000000000007,
    "V": 2.1899999999999977
}