{
    "Ag": 1.9128839777570015,
    "Au": 1.8596858015539992,
    "Co": 1.6065350289216251,
    "Cr": 1.689525918008002,
    "Cu": 1.727590529984206,
    "Fe": 1.61961334614502,
    "Hf": 1.9467966018638811,
    "Ir": 1.7589260977989998,
    "Mo": 1.8156387412590007,
    "Nb": 1.8554681463770044,
    "Ni": 1.6245500527410421,
    "Os": 1.8051646738640807,
    "Pd": 1.7182325270990013,
    "Pt": 1.7476276775449997,
    "Re": 1.8300943875163946,
    "Rh": 1.6963172093860006,
    "Ru": 1.7285405622245282,
    "Sc": 1.9197973911890982,
    "Ta": 1.9009063653580012,
    "Ti": 1.7822163564046507,
    "V": 1.7229726937560026,
    "W": 1.8796768776039987,
    "Y": 2.0535637199618795,
    "Zr": 1.9189835838884344
}