{
    "C": {
        "Ag": 2.055038002605939,
        "Al": 1.9238119106722025,
        "Au": 2.003379092548652,
        "Co": 1.7627714651374333,
        "Cr": 1.8093271163628284,
        "Cu": 1.8441167772112237,
        "Fe": 1.7693411996247403,
        "Hf": 2.082231088787397,
        "Ir": 1.9356417079301995,
        "Mo": 1.9512876268082469,
        "Nb": 2.0148195723495292,
        "Ni": 1.7599007069112258,
        "Os": 1.9500400971453953,
        "Pd": 1.8768828858647189,
        "Pt": 1.91992309481326,
        "Re": 1.9665395255870568,
        "Rh": 1.8815718240646406,
        "Ru": 1.9105187147674034,
        "Sc": 2.038427184855626,
        "Ta": 2.0234622949996246,
        "Ti": 1.9578468809274634,
        "V": 1.8645248513449515,
        "W": 1.975124681816753,
        "Y": 2.17513456006462,
        "Zr": 2.0937708455243698
    },
    "O": {
        "Ag": 2.145555217589808,
        "Al": 1.8561038618851162,
        "Au": 2.151450414805696,
        "Co": 1.8240591318750603,
        "Cr": 1.8769676982181056,
        "Cu": 1.895632379751584,
        "Fe": 1.7877851348441822,
        "Hf": 2.0647995842552986,
        "Ir": 2.0619474701400984,
        "Mo": 2.0300967817465754,
        "Nb": 2.054787835036575,
        "Ni": 1.8152358646670115,
        "Os": 2.048892203736259,
        "Pd": 1.9928178599970268,
        "Pt": 2.042801654489581,
        "Re": 2.017245521748318,
        "Rh": 2.006572889324619,
        "Ru": 2.0054137577870335,
        "Sc": 2.0050754291947626,
        "Ta": 2.0584636016706646,
        "Ti": 1.933633858054737,
        "V": 1.8743061927855316,
        "W": 2.0303209539367986,
        "Y": 2.148476444303862,
        "Zr": 2.0791487453898734
    }
}