{
    "Ag": 2.210000000000001,
    "Au": 2.120000000000001,
    "Co": 2.0200000000000014,
    "Cr": 2.150000000000002,
    "Cu": 2.08,
    "Fe": 2.08,
    "Hf": 2.5100000000000016,
    "Ir": 2.17,
    "Mo": 2.3000000000000007,
    "Nb": 2.3999999999999986,
    "Ni": 1.9999999999999982,
    "Os": 2.1999999999999993,
    "Pd": 2.150000000000002,
    "Pt": 2.119999999999999,
    "Re": 2.2699999999999996,
    "Rh": 2.179999999999998,
    "Ru": 2.2200000000000024,
    "Sc": 2.460000000000001,
    "Ta": 2.460000000000001,
    "Ti": 2.360000000000003,
    "V": 2.289999999999999,
    "W": 2.379999999999999,
    "Y": 2.66,
    "Zr": 2.509999999999998,
    "Al": 1.9700000000000006,
    "Mg": 2.1700000000000017
}