{
    "C": {
        "Ag": 1.9144850663469986,
        "Al": 1.901677485512056,
        "Au": 1.8577456039199995,
        "Co": 1.606021458518396,
        "Cr": 1.6906930165340177,
        "Cu": 1.730744743489088,
        "Fe": 1.6190110216370976,
        "Hf": 1.9470948437259394,
        "Ir": 1.7579317833460038,
        "Mo": 1.8146053173719994,
        "Nb": 1.8558482207970048,
        "Ni": 1.621907921798003,
        "Os": 1.8047906815207082,
        "Pd": 1.7160826396700026,
        "Re": 1.830229212508323,
        "Rh": 1.693830436302001,
        "Ru": 1.7276882223305812,
        "Sc": 1.9192880412258384,
        "Ta": 1.9005986150360037,
        "Ti": 1.783104581993698,
        "V": 1.7228894191870001,
        "W": 1.8820232860180026,
        "Y": 2.053036368433115,
        "Zr": 1.9199276818301425,
        "Pt": 1.7464138949729995
    },
    "O": {
        "Ag": 1.948724760316999,
        "Al": 1.68760937545214,
        "Au": 1.9225303319330003,
        "Co": 1.6308763303421383,
        "Cr": 1.6407826583280007,
        "Cu": 1.7300324367250006,
        "Fe": 1.624074501484005,
        "Hf": 1.8249313313623998,
        "Ir": 1.7920320898890039,
        "Mo": 1.7635836280810016,
        "Nb": 1.7907850463140353,
        "Ni": 1.6573555665734185,
        "Os": 1.7702843202846341,
        "Pd": 1.8068085141320014,
        "Re": 1.7749360344267686,
        "Rh": 1.7695223025320168,
        "Ru": 1.7546448709434672,
        "Sc": 1.773090884877021,
        "Ta": 1.8097157567770028,
        "Ti": 1.6930980772178208,
        "V": 1.66395870951402,
        "W": 1.7871953589070049,
        "Y": 1.8935744334221511,
        "Zr": 1.8205658221505177,
        "Pt": 1.823279377687001
    }
}