{
    "Ag": 1.941759319319001,
    "Au": 1.9181451336029998,
    "Co": 1.6312356974601006,
    "Cr": 1.6397347859010023,
    "Cu": 1.726486190303629,
    "Fe": 1.6235625349200011,
    "Hf": 1.8253394751590293,
    "Ir": 1.7949165967109997,
    "Mo": 1.7636104401980008,
    "Nb": 1.7899248929160048,
    "Ni": 1.655515538976095,
    "Os": 1.770211300998977,
    "Pd": 1.8082561284960015,
    "Pt": 1.8184357016780037,
    "Re": 1.7741866408373514,
    "Rh": 1.779675907754998,
    "Ru": 1.7549361384547362,
    "Sc": 1.7724357634654684,
    "Ta": 1.8098760682690027,
    "Ti": 1.6931759476074018,
    "V": 1.6636176608230007,
    "W": 1.7875257734300014,
    "Y": 1.8933527001836954,
    "Zr": 1.8206725094432847
}