{"alpha": 5.014541391779552, "beta": 7.691267145088845e-06, "delta0": 3.4633810358284083, "eps_a": -1}