{"alpha": 0.16570280608967353, "beta": 0.34357508996848724, "constant": 0.8721644094457321}