{"alpha": 0.22649392037484536, "beta": 0.3036527372911912, "delta0": 3, "eps_a": -1.5}