{
    "alpha": 0.01,
    "delta0": 0.25,
    "Vak": {
        "Ag": 1.954940999753707,
        "Au": 1.9527395689110032,
        "Co": 1.991011080232942,
        "Cr": 1.9928273468832816,
        "Cu": 1.8122120450513213,
        "Fe": 2.015230924071349,
        "Hf": 1.6557421275408037,
        "Ir": 2.215123549125989,
        "Mo": 1.9951221994641188,
        "Nb": 1.799617036149099,
        "Ni": 1.886243914924877,
        "Os": 2.2302787795318335,
        "Pd": 1.8408065872918897,
        "Pt": 2.1295005378972736,
        "Re": 2.0251735452582955,
        "Rh": 2.0011908655531996,
        "Sc": 1.4867651891059195,
        "Ta": 1.8024059010260383,
        "Ti": 1.7027801242020015,
        "V": 1.8207262714043226,
        "W": 1.9531207573504203,
        "Y": 1.399473904677707,
        "Zr": 1.680085198919065
    },
    "metals": [
        "Ag",
        "Au",
        "Co",
        "Cr",
        "Cu",
        "Fe",
        "Hf",
        "Ir",
        "Mo",
        "Nb",
        "Ni",
        "Os",
        "Pd",
        "Pt",
        "Re",
        "Rh",
        "Sc",
        "Ta",
        "Ti",
        "V",
        "W",
        "Y",
        "Zr"
    ],
    "eps_a": -1
}