{"alpha": 0.05509972881232103, "beta": 4.478338223855216, "delta0": 0.1, "constant_offset": -3.7839064146912644, "eps_a": -1, "no_of_bonds": 1}