{"alpha": 0.11729512529518776, "beta": 1.645573403730556, "delta0": 0.1, "constant_offset": -4.155328725745494, "eps_a": -1}