{
    "alpha": 0.1,
    "delta0": 0.25,
    "Vak": {
        "Ag": 2.4094832442277223,
        "Au": 2.4018366763074384,
        "Co": 2.41643464973448,
        "Cr": 2.370050426180736,
        "Cu": 12.160251425313,
        "Fe": 2.408911741770487,
        "Hf": 1.867380431104727,
        "Ir": 2.797846511037264,
        "Mo": 2.38214244324511,
        "Nb": 2.0709652288973692,
        "Ni": 2.2875196399090103,
        "Os": 2.767862335921459,
        "Pd": 2.211515980433904,
        "Pt": 2.682294426360423,
        "Re": 2.428012954872356,
        "Rh": 2.450927261783608,
        "Sc": 1.6639548913169866,
        "Ta": 2.0883535449349098,
        "Ti": 1.9399998388539972,
        "V": 2.082980373806495,
        "Y": 1.541414737287725,
        "Zr": 1.9257616546562502
    },
    "metals": [
        "Ag",
        "Au",
        "Co",
        "Cr",
        "Cu",
        "Fe",
        "Hf",
        "Ir",
        "Mo",
        "Nb",
        "Ni",
        "Os",
        "Pd",
        "Pt",
        "Re",
        "Rh",
        "Sc",
        "Ta",
        "Ti",
        "V",
        "Y",
        "Zr"
    ],
    "eps_a": -1
}