{"alpha": 0.3972572339776335, "beta": 0.10615075591400473, "delta0": 2.0, "constant_offset": -1.6290628541232637, "eps_a": -1}