{"alpha": 0.21278062587863011, "beta": 0.4187624579062702, "constant": 1.3677044470796869}