{"alpha": 0.17242988461627948, "beta": 1.1074551790119054, "delta0": 2.140240441673449, "eps_a": -1}