{"alpha": 3.6834017089617613e-41, "beta": 213.11958654282188, "constant": -20058.9591783169}