{
    "alpha": 3.504473457622424e-10,
    "delta0": 1.9894066163837132,
    "Vak": {
        "Ag": 9.697595094223816e-06,
        "Au": 0.3728694515974123,
        "Co": 1.2495857340613898,
        "Cu": 0.748482817970732,
        "Fe": 1.253635932896352,
        "Ni": 1.117093586613829,
        "Os": 1.4133140870412797,
        "Pd": 0.9166506003583197,
        "Pt": 1.3084053613565656,
        "Re": 1.1374592249724667,
        "Ru": 1.226050877390902,
        "Sc": 0.6415911655775683,
        "Ta": 0.8992333092895911,
        "Ti": 0.9190287017136354,
        "W": 1.0640666927321583,
        "Y": 0.4049093256889428,
        "Hf": 0.7668333721648927,
        "Mo": 1.1662134276292067,
        "Nb": 0.9063102486807914,
        "Cr": 1.2118702082019512,
        "Ir": 1.3780543523006432,
        "V": 0.9787223811414174
    },
    "metals": [
        "Ag",
        "Au",
        "Co",
        "Cu",
        "Fe",
        "Ni",
        "Os",
        "Pd",
        "Pt",
        "Re",
        "Ru",
        "Sc",
        "Ta",
        "Ti",
        "W",
        "Y",
        "Hf",
        "Mo",
        "Nb",
        "Cr",
        "Ir",
        "V"
    ],
    "eps_a": -1
}