{"alpha": 0.049789893957824204, "beta": 3.6774199610364886, "delta0": 0.1, "constant_offset": -3.5765979080372943, "eps_a": -1}