{"alpha": 5.686918146577906e-05, "beta": 0.7700743118051018, "delta0": 213.65124161764413, "eps_a": -1}