{"alpha": 0.09434855155711795, "beta": 1.4404191483960744, "delta0": 0.1, "constant_offset": -2.1770100876501064, "eps_a": -1}