{"alpha": 0.04494544394526186, "beta": 3.4038002019414275, "delta0": 0.1, "constant_offset": -3.6916390654969558, "eps_a": -1}