{"alpha": 0.3584096804054843, "beta": 0.5312689191530916, "delta0": 0.1, "constant_offset": -4.071148180749147, "eps_a": -1}