{"alpha": 0.5303871971019617, "beta": 0.017290008686623705, "delta0": 0.0, "constant_offset": -4.4593511075524015, "eps_a": -1}