{"alpha": 0.36308398590511753, "beta": 0.5291852015477964, "delta0": 0.1, "constant_offset": -4.121044828395824, "eps_a": -1}