{"alpha": 0.1227455229059876, "beta": 0.9080900259630436, "constant": 0.39377994489971974}