{"alpha": 0.06904306398233218, "beta": 12.223325306294592, "delta0": 0.1, "constant_offset": -5.618088408622282, "eps_a": -1, "no_of_bonds": 1}