{"alpha": 0.09640664474938672, "beta": 3.4629212207419804, "constant": 2.8921675396122453}