{"alpha": 0.34411074904001765, "beta": 0.001893073695682215, "delta0": 2, "constant_offset": -1.5846708357840558, "eps_a": -1}