{"alpha": 0.21575946781871164, "beta": 1.1029973861600297, "delta0": 0.1, "constant_offset": -4.663387827876358, "eps_a": -3}