{"alpha": 0.11729446510649325, "beta": 1.6455785980279043, "delta0": 0.1, "constant_offset": -4.155338782917638, "eps_a": -1}