{"alpha": 0.20123431077039636, "beta": 0.8827600363470692, "delta0": 0.8873575257801118, "eps_a": -1}