{"alpha": 0.48739236019922216, "beta": 0.04852739357341258, "delta0": 2.0, "constant_offset": -2.469188650397226, "eps_a": -1}