{"alpha": 0.5108292534365284, "beta": 0.011201826584172554, "constant": 2.5080291870719034}