{"alpha": 0.3630818016377392, "beta": 0.5291960708326048, "delta0": 0.1, "constant_offset": -4.121030761654334, "eps_a": -1}