{"alpha": 0.09434847197073035, "beta": 1.4404168199837617, "delta0": 0.1, "constant_offset": -2.1770102149431527, "eps_a": -1}