{"alpha": 0.0275050102126991, "beta": 1.0128898008472178, "delta0": 0.1, "constant_offset": -2.032594330609077, "eps_a": -1}