{"alpha": 0.08313740162226284, "beta": 1.2868860945593843, "delta0": 0.1, "constant_offset": -2.084361651301801, "eps_a": -1}