{"alpha": [2.1901565682765116, 0.030158212016204583], "beta": [0.10287271431680009, 8.475571101032806], "delta0": 0.1, "constant_offset": [2.8384770534608363, 2.7340421739193794], "eps_a": [-7, 2.5]}