{
    "Sc": 1.0696713937625293,
    "Ti": 1.591267622748704,
    "V": 2.041031881322557,
    "Cr": 2.243569076134668,
    "Fe": 1.621923442774039,
    "Co": 1.553586273932336,
    "Ni": 1.4266006988103188,
    "Cu": 1.0,
    "Y": 1.1111782651144755,
    "Zr": 1.7893599275171952,
    "Nb": 2.516418432391671,
    "Mo": 2.6557836571877274,
    "Ru": 2.7089795639123624,
    "Rh": 2.16917171080963,
    "Pd": 1.5528142074720637,
    "Ag": 0.885902087189619,
    "Hf": 2.17203061251792,
    "Ta": 2.9598354664452433,
    "W": 3.3068924426646213,
    "Re": 3.357952478041275,
    "Os": 3.2569447372772777,
    "Ir": 2.7286607870449813,
    "Pt": 2.0133950727990353,
    "Au": 1.3126464559557758
}