{
    "O": {
        "Sc": 0.5498070673386634,
        "Ti": 1.1278992961305976,
        "V": 1.7819324169690935,
        "Cr": 2.21288637690229,
        "Fe": 1.6323922955018761,
        "Co": 1.6238205941846826,
        "Ni": 1.5175163475454938,
        "Cu": 1.0,
        "Y": 0.4346276310944687,
        "Zr": 0.9836970457175757,
        "Nb": 1.7541836345717157,
        "Mo": 1.9846352173396125,
        "Ru": 2.4235743177948943,
        "Rh": 1.9092730235424846,
        "Pd": 1.2901910362815951,
        "Ag": 0.6544616772156072,
        "Hf": 1.2415426394748388,
        "Ta": 2.0669050068740895,
        "W": 2.5764061378770187,
        "Re": 2.7925364237777286,
        "Os": 2.825574657929333,
        "Ir": 2.3460020645936064,
        "Pt": 1.6372800063666653,
        "Au": 0.9722925829155863
    },
    "C": {
        "Sc": 0.5837722115268302,
        "Ti": 1.165594408151752,
        "V": 1.8061679346904225,
        "Cr": 2.215998249674032,
        "Fe": 1.631316259337096,
        "Co": 1.6164192950360643,
        "Ni": 1.5078240578732622,
        "Cu": 1.0,
        "Y": 0.4711570481212527,
        "Zr": 1.0388297641906084,
        "Nb": 1.815498504844588,
        "Mo": 2.0412113692355827,
        "Ru": 2.450707683326193,
        "Rh": 1.9337152323614266,
        "Pd": 1.3139585909005318,
        "Ag": 0.6738214373749717,
        "Hf": 1.306943071981314,
        "Ta": 2.138818146319942,
        "W": 2.6397314172973125,
        "Re": 2.843737578403741,
        "Os": 2.8657545294112303,
        "Ir": 2.381431255419204,
        "Pt": 1.670833172489807,
        "Au": 1.0008136146842057
    }
}