{
    "O": {
        "Sc": 1.734070762187746,
        "Ti": 2.8628708841835264,
        "V": 3.539897286323914,
        "Cr": 3.936272089371776,
        "Fe": 3.505919941069899,
        "Co": 2.8413493886310057,
        "Ni": 1.9932600061557697,
        "Cu": 1.0,
        "Y": 1.3782406738903408,
        "Zr": 2.2129612701282757,
        "Nb": 2.603206540056519,
        "Mo": 2.949948672842384,
        "Ru": 2.7020675160892536,
        "Rh": 2.134226886176191,
        "Pd": 1.3870318476064099,
        "Ag": 0.47492963374221847,
        "Hf": 2.577884892505675,
        "Ta": 2.7814239891284713,
        "W": 3.13289660197642,
        "Re": 3.433898420113097,
        "Os": 3.2188147438802632,
        "Ir": 2.535735338686554,
        "Pt": 1.753480084319399,
        "Au": 0.7824161149520104
    },
    "C": {
        "Sc": 0.9230468361381652,
        "Ti": 1.897904558363357,
        "V": 2.6884501918927164,
        "Cr": 3.107461106941416,
        "Fe": 3.6064618143713707,
        "Co": 3.2233861165219633,
        "Ni": 2.3774430712880643,
        "Cu": 1.0,
        "Y": 0.7241710739497929,
        "Zr": 1.4513632974717288,
        "Nb": 1.9631200765190397,
        "Mo": 2.3558937349633204,
        "Ru": 3.0684374039040754,
        "Rh": 3.037803348025436,
        "Pd": 2.1013968656497077,
        "Ag": 0.5490951829984188,
        "Hf": 1.5401715276630958,
        "Ta": 1.885632579361477,
        "W": 2.0785120559190884,
        "Re": 2.695475790903942,
        "Os": 2.767296204517084,
        "Ir": 2.9667724591307802,
        "Pt": 2.4830151828994613,
        "Au": 1.0326749804044901
    }
}