{
    "C": {
        "Ag": 0.4182516380794287,
        "Au": 0.39284914484750166,
        "Co": 0.38296459683051937,
        "Cr": 0.7309262844746328,
        "Cu": 0.3762383898905153,
        "Fe": 0.43750211764107866,
        "Hf": 0.6044534415177446,
        "Ir": 0.3750565985461446,
        "Mo": 0.5547864552048747,
        "Nb": 0.47282484608524744,
        "Ni": 0.3897455725054039,
        "Os": 0.41085238080439374,
        "Pd": 0.38838269542779125,
        "Pt": 0.3592259396487797,
        "Re": 0.4239223637554082,
        "Rh": 0.40107003646443734,
        "Sc": 0.6948230078813694,
        "Ta": 0.42097652463431035,
        "Ti": 0.7297262862447533,
        "V": 0.5453998322447827,
        "W": 0.43916481570201027,
        "Y": 0.6179596525975802,
        "Zr": 0.6155562188652531
    },
    "O": {
        "Ag": 0.8079004124292449,
        "Au": 0.7976264678151743,
        "Co": 0.7605762203206453,
        "Cr": 0.8581439497017302,
        "Cu": 0.7791460405833429,
        "Fe": 0.7917817015980462,
        "Hf": 0.8380925508164534,
        "Ir": 0.7645097364360864,
        "Mo": 0.8403632424604449,
        "Nb": 0.8257031682455062,
        "Ni": 0.7657330119821198,
        "Os": 0.7818327839633596,
        "Pd": 0.7700975329300979,
        "Pt": 0.7465664740576705,
        "Re": 0.7992158206914757,
        "Rh": 0.7775026844860046,
        "Sc": 0.9156621487746973,
        "Ta": 0.8018830107242938,
        "Ti": 0.8870448665193352,
        "V": 0.836537713061359,
        "W": 0.8045479515243585,
        "Y": 0.8827309458917986,
        "Zr": 0.8517733427695311
    }
}