{
    "C": {
        "Ni": 0.0,
        "Cu": 0.0,
        "Zr": 0.6929947888052427,
        "Mo": 0.0,
        "Ru": 0.0,
        "Rh": 0.0,
        "Pd": 0.0,
        "Ag": 0.0,
        "Hf": 0.0,
        "Ta": 0.0,
        "W": 0.0,
        "Re": 0.0,
        "Os": 0.0,
        "Ir": 0.0,
        "Pt": 0.0,
        "Au": 0.0,
        "Cr": 0.0,
        "Fe": 0.0,
        "Nb": 0.0,
        "Ti": 0.0,
        "V": 0.6996732753550885,
        "Y": 0.0
    },
    "O": {
        "Ni": 0.0,
        "Cu": 0.0,
        "Zr": 0.20015159164762442,
        "Mo": 0.0,
        "Ru": 0.0,
        "Rh": 0.0,
        "Pd": 0.0,
        "Ag": 0.0,
        "Hf": 0.0,
        "Ta": 0.0,
        "W": 0.0,
        "Re": 0.0,
        "Os": 0.0,
        "Ir": 0.0,
        "Pt": 0.0,
        "Au": 0.0,
        "Cr": 0.0,
        "Fe": 0.0,
        "Nb": 0.0,
        "Ti": 0.0,
        "V": 0.19501478394784394,
        "Y": 0.0
    }
}