{
    "C": {
        "Ag": 0.42070469416948486,
        "Au": 0.3968726192873349,
        "Co": 0.38314937734953974,
        "Cr": 0.7276373179436372,
        "Cu": 0.3723912036080427,
        "Fe": 0.43732897558447736,
        "Hf": 0.603265162829604,
        "Ir": 0.37569217573931324,
        "Mo": 0.5523226312669528,
        "Nb": 0.47252896509571,
        "Ni": 0.3875056294434598,
        "Os": 0.4113326073111918,
        "Pd": 0.38876408200088913,
        "Pt": 0.36123963146741145,
        "Re": 0.42262805358229594,
        "Rh": 0.40221821190280455,
        "Sc": 0.6896825507597573,
        "Ta": 0.4214982383231591,
        "Ti": 0.7277973020007062,
        "V": 0.5429719797169824,
        "Y": 0.6055019198765292,
        "Zr": 0.6105591052584434
    },
    "O": {
        "Ag": 0.8092015277957683,
        "Au": 0.8088097894080166,
        "Co": 0.766282670122718,
        "Cr": 0.8597719249718684,
        "Cu": 0.7865319100503334,
        "Fe": 0.793670369381278,
        "Hf": 0.8383312140920299,
        "Ir": 0.7677476812249424,
        "Mo": 0.8410122842613847,
        "Nb": 0.8251690365523561,
        "Ni": 0.7639649160421138,
        "Os": 0.7844047574572696,
        "Pd": 0.7730056278133622,
        "Pt": 0.7414270654498639,
        "Re": 0.7978657038256376,
        "Rh": 0.7796799766943143,
        "Sc": 0.9149263819333611,
        "Ta": 0.8022450899474524,
        "Ti": 0.8865625165632376,
        "V": 0.8363433847177579,
        "Y": 0.8820560419408975,
        "Zr": 0.8510649440388333
    }
}