{
    "O": {
        "Os": {
            "eps_d": -1.6508995518582914,
            "width": 6.921921223018521,
            "Vak_fit": 5.733863864151559,
            "eps_a": -1.1543844716182825,
            "Vak_calc": 8.175604417155578,
            "Sak_calc": 1.2028430518367985
        },
        "W": {
            "eps_d": 0.11756537744543571,
            "width": 7.119420238654195,
            "Vak_fit": 5.483458625441637,
            "eps_a": -0.9068619426941229,
            "Vak_calc": 7.211196299508477,
            "Sak_calc": 1.1933218602959736
        },
        "Pd": {
            "eps_d": -1.726032454043449,
            "width": 3.4016256960209224,
            "Vak_fit": 4.967778059945834,
            "eps_a": -0.8798027739342347,
            "Vak_calc": 7.724129933343672,
            "Sak_calc": 1.2138909397990576
        },
        "Mo": {
            "eps_d": -0.5001741242242783,
            "width": 5.116156853520406,
            "Vak_fit": 5.108182377389032,
            "eps_a": -1.0450477412030867,
            "Vak_calc": 7.180532744210378,
            "Sak_calc": 1.2186678243992655
        },
        "Al": {
            "eps_d": 3.8465564265958747,
            "width": 13.541704056804523,
            "Vak_fit": 5.884847619451685,
            "eps_a": -0.7914263454011321,
            "Vak_calc": 6.281649080877088,
            "Sak_calc": 1.1836073440376453
        },
        "Rh": {
            "eps_d": -2.127359245026546,
            "width": 4.470326362562209,
            "Vak_fit": 5.030077249536876,
            "eps_a": -0.9993108032279467,
            "Vak_calc": 7.667289891384707,
            "Sak_calc": 1.2100170758473794
        },
        "Hf": {
            "eps_d": 2.001368211014434,
            "width": 8.255605015937343,
            "Vak_fit": 6.011939108193522,
            "eps_a": -0.7508586218120401,
            "Vak_calc": 6.3667796280397475,
            "Sak_calc": 1.1782018702853705
        },
        "Nb": {
            "eps_d": 0.40357225343337433,
            "width": 8.097290461874463,
            "Vak_fit": 6.189155956831019,
            "eps_a": -0.817943653451092,
            "Vak_calc": 6.800778746903244,
            "Sak_calc": 1.2013301287707412
        },
        "Ir": {
            "eps_d": -1.4936096792169087,
            "width": 10.535710681810654,
            "Vak_fit": 6.673678898404413,
            "eps_a": -1.1429444558030406,
            "Vak_calc": 8.360706487412214,
            "Sak_calc": 1.2016891624547115
        },
        "Ni": {
            "eps_d": -1.0877450677651828,
            "width": 2.68527698883868,
            "Vak_fit": 4.891932668166906,
            "eps_a": -0.9937374260649952,
            "Vak_calc": 7.941869101230763,
            "Sak_calc": 1.226032334970315
        },
        "Pt": {
            "eps_d": -1.398862660642223,
            "width": 7.063659899262663,
            "Vak_fit": 5.903699195422608,
            "eps_a": -1.0572834454163251,
            "Vak_calc": 8.606826706807109,
            "Sak_calc": 1.2027221071827456
        },
        "Au": {
            "eps_d": -3.519535156054258,
            "width": 2.985236813067881,
            "Vak_fit": 4.7644931690294525,
            "eps_a": -0.697726453917336,
            "Vak_calc": 6.601138136315229,
            "Sak_calc": 1.063669020491187
        },
        "Y": {
            "eps_d": 2.8726413755377505,
            "width": 8.019420094081418,
            "Vak_fit": 6.5191946022757135,
            "eps_a": -0.2609886210899033,
            "Vak_calc": 4.694784089023523,
            "Sak_calc": 1.1487526275820983
        },
        "Cu": {
            "eps_d": -2.2403544931878807,
            "width": 2.110738305935337,
            "Vak_fit": 5.039400373639121,
            "eps_a": -0.6012149068664252,
            "Vak_calc": 6.212483532882401,
            "Sak_calc": 1.085927861198953
        },
        "Sc": {
            "eps_d": 1.5640361703953958,
            "width": 3.4764294688287882,
            "Vak_fit": 4.941857420966327,
            "eps_a": -0.44817414771017283,
            "Vak_calc": 5.295681046129628,
            "Sak_calc": 1.1616100701485035
        },
        "Re": {
            "eps_d": -0.4447325808586937,
            "width": 8.097391739364522,
            "Vak_fit": 5.663049052385131,
            "eps_a": -1.1193800728813272,
            "Vak_calc": 7.945016491700797,
            "Sak_calc": 1.2013895329838735
        },
        "Ru": {
            "eps_d": -1.6357575055092264,
            "width": 4.678192353896552,
            "Vak_fit": 5.090960657489262,
            "eps_a": -1.0192573497212143,
            "Vak_calc": 7.6941198809547435,
            "Sak_calc": 1.2191500991704698
        },
        "Ta": {
            "eps_d": 1.772440900641393,
            "width": 8.614101956823895,
            "Vak_fit": 6.084088410871574,
            "eps_a": -0.7876247364276585,
            "Vak_calc": 6.960906321438555,
            "Sak_calc": 1.182126939186451
        },
        "Zr": {
            "eps_d": 0.8576986225477383,
            "width": 6.091427374450166,
            "Vak_fit": 5.4909916265098095,
            "eps_a": -0.7237278190299783,
            "Vak_calc": 6.074896148518378,
            "Sak_calc": 1.1699016472372952
        },
        "Ti": {
            "eps_d": 1.8034595346233937,
            "width": 5.594104397169577,
            "Vak_fit": 5.684472303296858,
            "eps_a": -0.8984923349128202,
            "Vak_calc": 6.692337225835549,
            "Sak_calc": 1.1876072263512631
        },
        "Ag": {
            "eps_d": -4.155202889969332,
            "width": 1.9976709385783464,
            "Vak_fit": 4.703482700666979,
            "eps_a": -0.4509456364643851,
            "Vak_calc": 6.367720657341281,
            "Sak_calc": 1.1798751954312678
        },
        "Cr": {
            "eps_d": -0.22372764325803818,
            "width": 3.665335833237982,
            "Vak_fit": 5.006080220988981,
            "eps_a": -1.1949531301087735,
            "Vak_calc": 6.960665685686009,
            "Sak_calc": 1.151754329941766
        }
    },
    "C": {
        "Ru": {
            "eps_d": -1.0979254341534332,
            "width": 5.572018787678115,
            "Vak_fit": 5.455124194638396,
            "eps_a": -2.157817374375888,
            "Vak_calc": 18.013237342316856,
            "Sak_calc": 1.3820174944075214
        },
        "Os": {
            "eps_d": -1.5571685950378171,
            "width": 6.770229840294843,
            "Vak_fit": 5.665565104150623,
            "eps_a": -1.0509563704768432,
            "Vak_calc": 11.19875191541171,
            "Sak_calc": 1.3460923555695883
        },
        "Au": {
            "eps_d": -3.310667513143649,
            "width": 3.279112014131737,
            "Vak_fit": 4.9481463575524804,
            "eps_a": -0.2751249273683074,
            "Vak_calc": 6.317566142772564,
            "Sak_calc": 1.0975960792124853
        },
        "Pt": {
            "eps_d": -2.48636050565821,
            "width": 4.326422626712102,
            "Vak_fit": 4.83664906757927,
            "eps_a": -0.28467182777388,
            "Vak_calc": 8.064079325696536,
            "Sak_calc": 1.2865379319860146
        },
        "Pd": {
            "eps_d": -1.7266510786140294,
            "width": 3.3964649833840324,
            "Vak_fit": 4.958119894998661,
            "eps_a": -0.05735036650734493,
            "Vak_calc": 7.071573017390507,
            "Sak_calc": 1.296264683533551
        },
        "Mo": {
            "eps_d": -0.49752983799490114,
            "width": 5.105240899792817,
            "Vak_fit": 5.100520354914551,
            "eps_a": -1.7576195675963104,
            "Vak_calc": 14.932882647553669,
            "Sak_calc": 1.371380492165606
        },
        "Rh": {
            "eps_d": -1.959616855375713,
            "width": 4.1935143170630065,
            "Vak_fit": 4.89931641802015,