{
    "Vsdsq": {
        "0": [
            1.4140179704277542
        ],
        "1": [
            3.287569820944068
        ],
        "2": [
            3.6139654420704446
        ]
    },
    "width": {
        "0": [
            15.301159482589375,
            7.005821016452732
        ],
        "1": [
            20.742074907289638,
            8.17746836586246
        ],
        "2": [
            34.35050116538872,
            10.543900631597655
        ]
    },
    "eps_d_minmax": {
        "0": [
            -2.320832137610624,
            -0.9910718281600427
        ],
        "1": [
            -4.0491148389698015,
            -1.3051496943359546
        ],
        "2": [
            -3.4463500290294493,
            -1.1744620841307472
        ]
    },
    "filling_minmax": {
        "0": [
            0.5,
            1.0
        ],
        "1": [
            0.5,
            1.0
        ],
        "2": [
            0.5,
            1.0
        ]
    }
}