{
    "Vsdsq": {
        "0": [
            1.4140179704277542
        ],
        "1": [
            3.287569820944068
        ],
        "2": [
            3.6152236157075346
        ]
    },
    "width": {
        "0": [
            11.333728575709223,
            4.83520981515551
        ],
        "1": [
            17.7032952838683,
            6.794270781390922
        ],
        "2": [
            34.89563352892585,
            9.1459378087088
        ]
    },
    "eps_d_minmax": {
        "0": [
            -2.3216062331428216,
            0.17547389601690516
        ],
        "1": [
            -4.1627798607504705,
            0.009103254571096392
        ],
        "2": [
            -3.5227980735246547,
            -0.15915914690800642
        ]
    },
    "filling_minmax": {
        "0": [
            0.2,
            1.0
        ],
        "1": [
            0.2,
            1.0
        ],
        "2": [
            0.3,
            1.0
        ]
    }
}