{
    "Vsd": {
        "0": [
            1.1424113936407727
        ],
        "1": [
            1.7597585494809875
        ],
        "2": [
            1.8988871903489386
        ]
    },
    "width": {
        "0": [
            6.620386268509484,
            3.159013068616341,
            0.44921258428123284
        ],
        "1": [
            9.962501600194885,
            4.351467147632227,
            0.46658698582522196
        ],
        "2": [
            11.697765283610488,
            5.277910989372824,
            0.4966784502642745
        ]
    },
    "epsd_filling": {
        "0": [
            -0.21812831829847396,
            0.5107314947639515
        ],
        "1": [
            -0.14172335904821798,
            0.49380139553383035
        ],
        "2": [
            -0.13243460656809805,
            0.5293306611761681
        ]
    },
    "eps_d_minmax": {
        "0": [
            -2.3998213666018824,
            1.4010402112683913
        ],
        "1": [
            -4.159242706364365,
            1.7984372927634564
        ],
        "2": [
            -3.5343458629647504,
            1.6399120569415513
        ]
    },
    "filling_minmax": {
        "0": [
            0.2,
            1.0
        ],
        "1": [
            0.2,
            1.0
        ],
        "2": [
            0.3,
            1.0
        ]
    }
}