{
    "Vsdsq": {
        "0": [
            1.4140179704277542
        ],
        "1": [
            3.2649247905928234
        ],
        "2": [
            3.6152236157075346
        ]
    },
    "width": {
        "0": [
            21.276190116062025,
            5.510604455937292,
            0.6127132757056142
        ],
        "1": [
            25.86924637461025,
            7.054638647312657,
            0.6145451434518291
        ],
        "2": [
            41.68406016296365,
            9.200027444577497,
            0.6707086671611872
        ]
    },
    "eps_d_minmax": {
        "0": [
            -2.3368259260322612,
            -1.1432241077735579
        ],
        "1": [
            -4.1363229466588765,
            -1.9258108079519924
        ],
        "2": [
            -3.5132467141649157,
            -1.5325471629899685
        ]
    },
    "filling_minmax": {
        "0": [
            0.7,
            1.0
        ],
        "1": [
            0.7,
            1.0
        ],
        "2": [
            0.7,
            1.0
        ]
    }
}