{
    "Vsdsq": {
        "0": [
            1.4140179704277542
        ],
        "1": [
            3.2649247905928234
        ],
        "2": [
            3.6152236157075346
        ]
    },
    "width": {
        "0": [
            20.573545087497603,
            5.398564094550959,
            0.6005870177505925
        ],
        "1": [
            29.079148341295866,
            7.485026477890958,
            0.6151011695072578
        ],
        "2": [
            43.788953327804,
            9.466501048094106,
            0.6630613784034419
        ]
    },
    "eps_d_minmax": {
        "0": [
            -2.369033040107284,
            -1.113765275747263
        ],
        "1": [
            -4.144937581412137,
            -1.5702226036421807
        ],
        "2": [
            -3.548644753791834,
            -1.5554595149924206
        ]
    },
    "filling_minmax": {
        "0": [
            0.7,
            1.0
        ],
        "1": [
            0.7,
            1.0
        ],
        "2": [
            0.7,
            1.0
        ]
    }
}