{
    "O": {
        "Vsd": {
            "0": [
                3.4351198915066607,
                1.4368311402682257,
                0.6294134700029825
            ],
            "1": [
                5.068301841635225,
                1.5408790728365633,
                0.6212708020112687
            ],
            "2": [
                5.2090621120129015,
                1.689220685377103,
                0.6283066885767085
            ]
        },
        "width": {
            "0": [
                6.620386268509484,
                3.159013068616341,
                0.44921258428123284
            ],
            "1": [
                9.962501600194885,
                4.351467147632227,
                0.46658698582522196
            ],
            "2": [
                11.697765283610488,
                5.277910989372824,
                0.4966784502642745
            ]
        },
        "epsd_filling": {
            "0": [
                0.011121196416562739,
                0.015035160672085794,
                -0.24115519754463866,
                0.497169382523167
            ],
            "1": [
                0.004949890573235359,
                0.0089747887067379,
                -0.17372263980259808,
                0.48314217419720773
            ],
            "2": [
                -0.0002667305574667843,
                0.0015993148542744844,
                -0.1277920456208572,
                0.5252548435250165
            ]
        },
        "eps_d_minmax": {
            "0": [
                -2.3998213666018824,
                1.4010402112683913
            ],
            "1": [
                -4.159242706364365,
                1.7984372927634564
            ],
            "2": [
                -3.5343458629647504,
                1.6399120569415513
            ]
        },
        "filling_minmax": {
            "0": [
                0.2,
                1.0
            ],
            "1": [
                0.2,
                1.0
            ],
            "2": [
                0.3,
                1.0
            ]
        }
    },
    "C": {
        "Vsd": {
            "0": [
                3.362753795377021,
                1.436005241276381,
                0.6255798738268494
            ],
            "1": [
                5.032959806536711,
                1.554891016358725,
                0.6189103092447114
            ],
            "2": [
                5.142420598025299,
                1.7037039915410992,
                0.6258420105418699
            ]
        },
        "width": {
            "0": [
                6.620386268509484,
                3.159013068616341,
                0.44921258428123284
            ],
            "1": [
                9.962501600194885,
                4.351467147632227,
                0.46658698582522196
            ],
            "2": [
                11.697765283610488,
                5.277910989372824,
                0.4966784502642745
            ]
        },
        "epsd_filling": {
            "0": [
                0.011121196416562739,
                0.015035160672085794,
                -0.24115519754463866,
                0.497169382523167
            ],
            "1": [
                0.004949890573235359,
                0.0089747887067379,
                -0.17372263980259808,
                0.48314217419720773
            ],
            "2": [
                -0.0002667305574667843,
                0.0015993148542744844,
                -0.1277920456208572,
                0.5252548435250165
            ]
        },
        "eps_d_minmax": {
            "0": [
                -2.3998213666018824,
                1.4010402112683913
            ],
            "1": [
                -4.159242706364365,
                1.7984372927634564
            ],
            "2": [
                -3.5343458629647504,
                1.6399120569415513
            ]
        },
        "filling_minmax": {
            "0": [
                0.2,
                1.0
            ],
            "1": [
                0.2,
                1.0
            ],
            "2": [
                0.3,
                1.0
            ]
        }
    }
}