{
    "Vsdsq": {
        "0": [
            1.4140179704277542
        ],
        "1": [
            3.287569820944068
        ],
        "2": [
            3.6152236157075346
        ]
    },
    "width": {
        "0": [
            11.333728575709223,
            4.83520981515551
        ],
        "1": [
            17.7032952838683,
            6.794270781390922
        ],
        "2": [
            34.89563352892585,
            9.1459378087088
        ]
    },
    "eps_d_minmax": {
        "0": [
            -2.3216062331428216,
            -1.0433380295178407
        ],
        "1": [
            -4.1627798607504705,
            -1.5913501370695011
        ],
        "2": [
            -3.5227980735246547,
            -1.5698996028792405
        ]
    },
    "filling_minmax": {
        "0": [
            0.7,
            1.0
        ],
        "1": [
            0.7,
            1.0
        ],
        "2": [
            0.7,
            1.0
        ]
    }
}