{
    "Vsdsq": {
        "0": [
            1.4140179704277542
        ],
        "1": [
            3.2649247905928234
        ],
        "2": [
            3.6152236157075346
        ]
    },
    "width": {
        "0": [
            10.638095104851631,
            2.7553022315117803,
            0.6127132757063423
        ],
        "1": [
            12.934623212232614,
            3.5273193255054367,
            0.614545143383464
        ],
        "2": [
            20.842030170316697,
            4.60001372695771,
            0.6707086671230442
        ]
    },
    "Vsdsq_epsd": {
        "0": [
            -0.13925543370984128
        ],
        "1": [
            -0.0664809764112683
        ],
        "2": [
            -0.5385560154394803
        ]
    },
    "width_epsd": {
        "0": [
            0.848926891743866,
            2.480213532646038,
            -1.0312586036819413
        ],
        "1": [
            0.33569477543462983,
            3.151457352744976,
            -1.911699477856232
        ],
        "2": [
            0.6415139505785455,
            4.29559360130609,
            -1.6813549409108475
        ]
    },
    "eps_d_minmax": {
        "0": [
            -2.3368259260322612,
            0.17012016027597954
        ],
        "1": [
            -4.1363229466588765,
            -0.0037912167210598117
        ],
        "2": [
            -3.5132467141649157,
            -0.038657159400270195
        ]
    },
    "filling_minmax": {
        "0": [
            0.7,
            1.0
        ],
        "1": [
            0.7,
            1.0
        ],
        "2": [
            0.7,
            1.0
        ]
    }
}