{
    "Vsdsq": {
        "0": [
            1.4140179704277542
        ],
        "1": [
            3.287569820944068
        ],
        "2": [
            3.6139654420704446
        ]
    },
    "width": {
        "0": [
            15.30115951314118,
            7.005821019049637
        ],
        "1": [
            20.742074964343406,
            8.177468370712035
        ],
        "2": [
            34.35050121001749,
            10.543900634600064
        ]
    },
    "eps_d_minmax": {
        "0": [
            -2.320832137610624,
            -0.0777964273933686
        ],
        "1": [
            -4.0491148389698015,
            -0.10281458424376726
        ],
        "2": [
            -3.4463500290294493,
            -0.5597681337447198
        ]
    },
    "filling_minmax": {
        "0": [
            0.2,
            1.0
        ],
        "1": [
            0.2,
            1.0
        ],
        "2": [
            0.3,
            1.0
        ]
    }
}