{
    "0": {
        "eps_d": [
            -2.3998213666018824,
            1.4010402112683913
        ],
        "filling": [
            0.2,
            1.0
        ]
    },
    "1": {
        "eps_d": [
            -4.159242706364365,
            1.7984372927634564
        ],
        "filling": [
            0.2,
            1.0
        ]
    },
    "2": {
        "eps_d": [
            -3.5343458629647504,
            1.6399120569415513
        ],
        "filling": [
            0.3,
            1.0
        ]
    }
}