{"alpha": 0.0742022046664151, "beta": 3.3930606675980504, "delta0": 0.1, "constant_offset": -2.92873033040392, "eps_a": -3}