{
    "alpha": 0.1,
    "delta0": 0.25,
    "Vak": {
        "Ag": 5.804040751427928,
        "Au": 5.729501770611558,
        "Co": 5.979661429142234,
        "Cr": 5.82141595972871,
        "Cu": 5.6778843728674016,
        "Fe": 5.263649543174538,
        "Hf": 4.452526091311277,
        "Ir": 6.290417305696225,
        "Mo": 6.6020641179197,
        "Nb": 4.784107033950851,
        "Ni": 5.9436539980206495,
        "Os": 6.929539107132097,
        "Pd": 5.836523961110464,
        "Pt": 5.960592544819643,
        "Re": 5.583974078201441,
        "Rh": 6.1211888693569465,
        "Sc": 16.09120761508796,
        "Ta": 4.5844875083021135,
        "Ti": 4.6049402795633565,
        "V": 4.54253702243241,
        "Y": 4.005810424406765,
        "Zr": 9.096575408420112
    },
    "metals": [
        "Ag",
        "Au",
        "Co",
        "Cr",
        "Cu",
        "Fe",
        "Hf",
        "Ir",
        "Mo",
        "Nb",
        "Ni",
        "Os",
        "Pd",
        "Pt",
        "Re",
        "Rh",
        "Sc",
        "Ta",
        "Ti",
        "V",
        "Y",
        "Zr"
    ],
    "eps_a": -5
}