{"alpha": 0.05149753263802472, "beta": 45.48658959952841, "delta0": 0.1, "constant_offset": -7.575967711363007, "eps_a": -5, "no_of_bonds": 1}