{
    "alpha": 2.222936558597482e-09,
    "delta0": 7.027956078212105,
    "Vak": {
        "Co": 1.3996396050840554,
        "Cu": 0.2022295766543668,
        "Hf": 1.7717728747969015,
        "Ir": 1.4844511345652482,
        "Mo": 1.9842733072527001,
        "Nb": 1.7498073757695027,
        "Ni": 1.2250365080997117,
        "Os": 1.6696223517787425,
        "Pd": 0.01015909514173696,
        "Pt": 0.5305884225584407,
        "Re": 1.6379515260979234,
        "Ru": 1.6026976880148358,
        "Sc": 1.9014935734413185,
        "Ta": 1.6069416893357698,
        "Ti": 1.9218297100370125,
        "W": 1.7185307266347045,
        "Y": 1.696544955111665,
        "Ag": 0.10749471357143693,
        "Au": 0.07230538480119719,
        "Fe": 1.5197906682142146,
        "Cr": 1.978477705358748,
        "V": 1.7428764317719527
    },
    "metals": [
        "Co",
        "Cu",
        "Hf",
        "Ir",
        "Mo",
        "Nb",
        "Ni",
        "Os",
        "Pd",
        "Pt",
        "Re",
        "Ru",
        "Sc",
        "Ta",
        "Ti",
        "W",
        "Y",
        "Ag",
        "Au",
        "Fe",
        "Cr",
        "V"
    ],
    "eps_a": -5
}