{"alpha": 0.021988184584051898, "beta": 2.074610944715741, "constant": -2.9149555444165665}