{"alpha": 0.13427147036310666, "beta": 0.9117596864769292, "delta0": 0.1, "constant_offset": -4.938917625681963, "eps_a": -5}