{"alpha": 0.2006404317579637, "beta": 0.7979786755016294, "delta0": 2, "constant_offset": -4.601951020324357, "eps_a": -5}