{"alpha": 0.1342745219074223, "beta": 0.9117565344944606, "delta0": 0.1, "constant_offset": -4.93893550559991, "eps_a": -5}