{"alpha": 0.07350606965342443, "beta": 2.9443226048981073, "delta0": 0.17106553459724894, "eps_a": -5}