{"alpha": 0.05836300098813084, "beta": 13.755665472349584, "delta0": 0.1, "constant_offset": -6.2597167751440255, "eps_a": -5}