{"alpha": 0.041764674432408756, "beta": 2.962314756502506, "delta0": 0.1, "constant_offset": -4.952074164299873, "eps_a": -5}