{"alpha": 0.05817678083635341, "beta": 0.534185569928516, "constant": -1.9545293964482586}