{"alpha": 0.062468678706842994, "beta": 4.554383043291571, "delta0": 0.1, "constant_offset": -3.0159595535926704, "eps_a": -5}