{"alpha": 0.1312075862476896, "beta": 0.9429338584251751, "delta0": 0.1, "constant_offset": -4.952074084412181, "eps_a": -5}