{"alpha": 0.021339036115136385, "beta": 26.43585580702761, "delta0": 290.06175264105667, "eps_a": -5}