{
    "alpha": 0.1,
    "delta0": 0.25,
    "Vak": {
        "Ag": 9.40110763810008,
        "Au": 8.864969403091981,
        "Co": 6.113214386361365,
        "Cr": 8.194415828109538,
        "Cu": 10.17545028597176,
        "Fe": 5.369231191746003,
        "Hf": 14.12642906167316,
        "Ir": 9.074692457905059,
        "Mo": 6.7416994093286435,
        "Nb": 13.969057455139595,
        "Ni": 11.024727755916373,
        "Os": 9.178192335811966,
        "Pd": 10.729169384433058,
        "Pt": 10.511428678540236,
        "Re": 12.789687132228865,
        "Rh": 10.896215230545716,
        "Sc": 16.879530249104537,
        "Ta": 14.482105095926368,
        "Ti": 13.972292615904447,
        "V": 14.25530080715932,
        "W": 12.69512960301568,
        "Y": 15.763571640515941,
        "Zr": 13.293441667455447
    },
    "metals": [
        "Ag",
        "Au",
        "Co",
        "Cr",
        "Cu",
        "Fe",
        "Hf",
        "Ir",
        "Mo",
        "Nb",
        "Ni",
        "Os",
        "Pd",
        "Pt",
        "Re",
        "Rh",
        "Sc",
        "Ta",
        "Ti",
        "V",
        "W",
        "Y",
        "Zr"
    ],
    "eps_a": -5
}