{"alpha": 0.07656253491372779, "beta": 1.0995497030365804, "delta0": 4.2300648364175135, "eps_a": -5}