{"alpha": 0.1223900766762179, "beta": 3.77634014122618, "delta0": 2.0, "constant_offset": -2.2935713941164377, "eps_a": -5}