{"alpha": 0.06288890893569046, "beta": 17.794575905077846, "delta0": 0.1, "constant_offset": -6.6843220145087825, "eps_a": -5, "no_of_bonds": 1}