{"alpha": 0.10491696262615473, "beta": 1.7072982198516553, "delta0": 2.0, "constant_offset": -2.467853379424581, "eps_a": -5}