{"alpha": 0.2707551131918263, "beta": 2.2450731297425435, "delta0": 0.0011355284922664386, "eps_a": -5}