{"alpha": 0.052838253142501616, "beta": 14.923965410606272, "delta0": 0.1, "constant_offset": -5.556424274253959, "eps_a": -5}