{"alpha": 0.10051487505217668, "beta": 0.7879719007530014, "constant": 4.907691165367437}