{"alpha": 0.1341714165320777, "beta": 0.9292027588013558, "delta0": 0.1, "constant_offset": -4.938584415113961, "eps_a": -5}