{"alpha": 0.11116818749246828, "beta": 9.585090120759029, "delta0": 3, "eps_a": -5}