{"alpha": 6.784012143145066e-16, "beta": 0.9251343061442784, "constant": -1.5825548076326026}