{"alpha": 0.23593631190859057, "beta": 3.2087091308160983e-09, "delta0": 0.0, "constant_offset": -4.9614242658871195, "eps_a": -5}