{"alpha": 0.03632662808365648, "beta": 2.407080710189729, "delta0": 0.1, "constant_offset": -3.1423876228610084, "eps_a": -5}