{"alpha": 0.06246867788150251, "beta": 4.554380830148208, "delta0": 0.1, "constant_offset": -3.0159595286595353, "eps_a": -5}