{"alpha": 0.08336692816505593, "beta": 5.562436980134404, "delta0": 0.1, "constant_offset": -3.1606802783558727, "eps_a": -5}