{
    "Ag": {
        "d_band_centre": -4.151198765664133,
        "width": 3.1571656307930827
    },
    "Au": {
        "d_band_centre": -3.52796040406777,
        "width": 4.57647504344713
    },
    "Co": {
        "d_band_centre": -1.252895075854986,
        "width": 4.3749797263569965
    },
    "Cr": {
        "d_band_centre": -0.8138758914269586,
        "width": 5.321715749402538
    },
    "Cu": {
        "d_band_centre": -2.3445874463648915,
        "width": 2.3469185018901166
    },
    "Fe": {
        "d_band_centre": -1.0745124705106992,
        "width": 5.172854540557367
    },
    "Hf": {
        "d_band_centre": -0.209210740451372,
        "width": 3.941547387283575
    },
    "Ir": {
        "d_band_centre": -2.3578897553932574,
        "width": 8.692326088608192
    },
    "Mo": {
        "d_band_centre": -1.049915624846585,
        "width": 6.941728699901241
    },
    "Nb": {
        "d_band_centre": -0.31666663457811606,
        "width": 6.285579710557172
    },
    "Ni": {
        "d_band_centre": -1.301660155472668,
        "width": 3.6212270565730567
    },
    "Os": {
        "d_band_centre": -1.555378447832801,
        "width": 9.635074739061835
    },
    "Pd": {
        "d_band_centre": -1.9411537601854474,
        "width": 5.01384566144249
    },
    "Pt": {
        "d_band_centre": -2.4192633787942457,
        "width": 6.696184974142566
    },
    "Re": {
        "d_band_centre": -0.9509646801420715,
        "width": 9.25160389195708
    },
    "Rh": {
        "d_band_centre": -2.0243342154936284,
        "width": 6.551849958568691
    },
    "Sc": {
        "d_band_centre": 0.16710579325978994,
        "width": 2.270908027197878
    },
    "Ta": {
        "d_band_centre": -0.15932853250139323,
        "width": 6.929407162146204
    },
    "Ti": {
        "d_band_centre": -0.19201072389599538,
        "width": 3.020885485270899
    },
    "V": {
        "d_band_centre": -0.20687778243088922,
        "width": 5.070701529544178
    },
    "W": {
        "d_band_centre": -0.9457538839084937,
        "width": 8.050955431644333
    },
    "Y": {
        "d_band_centre": 0.06300993925516629,
        "width": 2.7013905878100015
    },
    "Zr": {
        "d_band_centre": -0.4168875732740196,
        "width": 4.031085294543515
    }
}