{
    "Ni": {
        "d_band_centre": -1.700978415213337,
        "width": 4.625840688842007
    },
    "Cu": {
        "d_band_centre": -2.6612345539316853,
        "width": 3.244626670827804
    },
    "Zr": {
        "d_band_centre": -0.8119253516891364,
        "width": 4.043650637026651
    },
    "Mo": {
        "d_band_centre": -2.0326511116503245,
        "width": 6.318091397641083
    },
    "Ru": {
        "d_band_centre": -2.2907265638757095,
        "width": 7.7208544799464205
    },
    "Rh": {
        "d_band_centre": -2.3056769443015757,
        "width": 7.252970458949181
    },
    "Pd": {
        "d_band_centre": -2.2257714488089837,
        "width": 5.673830991082737
    },
    "Ag": {
        "d_band_centre": -4.468607391217756,
        "width": 3.60714766818907
    },
    "Hf": {
        "d_band_centre": -0.9290631410936412,
        "width": 4.74849786398175
    },
    "Ta": {
        "d_band_centre": -1.2198114127277557,
        "width": 4.9617279795760245
    },
    "W": {
        "d_band_centre": -2.287105295170501,
        "width": 7.516701162122455
    },
    "Re": {
        "d_band_centre": -1.8730084340698243,
        "width": 8.905235630076616
    },
    "Os": {
        "d_band_centre": -2.7013488130779284,
        "width": 9.463576987876763
    },
    "Ir": {
        "d_band_centre": -2.9315748203658005,
        "width": 9.322348482872577
    },
    "Pt": {
        "d_band_centre": -2.8708752951427896,
        "width": 7.942655336487593
    },
    "Au": {
        "d_band_centre": -4.034697195441078,
        "width": 5.573059640291689
    },
    "Cr": {
        "d_band_centre": -1.111665943079447,
        "width": 5.78374440283976
    },
    "Fe": {
        "d_band_centre": -1.0262676401004793,
        "width": 7.229950417412217
    },
    "Nb": {
        "d_band_centre": -0.514927508342342,
        "width": 6.453896677151606
    },
    "Ti": {
        "d_band_centre": -0.10008192293287864,
        "width": 4.181457683900977
    },
    "V": {
        "d_band_centre": -0.40885381594608755,
        "width": 5.153664122814498
    },
    "Y": {
        "d_band_centre": 0.26052265182438034,
        "width": 3.645314650773319
    }
}