{
    "Y": {
        "d_band_centre": -0.10281458424376726,
        "width": 3.3922466518991015
    },
    "Ru": {
        "d_band_centre": -1.716504586652326,
        "width": 8.896932834029109
    },
    "Ti": {
        "d_band_centre": -0.38273516523926276,
        "width": 4.073778976695901
    },
    "W": {
        "d_band_centre": -1.2860438635057292,
        "width": 9.464024954073457
    },
    "Hf": {
        "d_band_centre": -0.5597681337447198,
        "width": 5.5913039489934935
    },
    "Cr": {
        "d_band_centre": -0.9910718281600427,
        "width": 6.4561897658124545
    },
    "Ag": {
        "d_band_centre": -4.0491148389698015,
        "width": 4.9272457826196066
    },
    "Cu": {
        "d_band_centre": -2.320832137610624,
        "width": 6.073613950496776
    },
    "Au": {
        "d_band_centre": -3.4463500290294493,
        "width": 6.564648287077534
    },
    "Ir": {
        "d_band_centre": -2.3118410712809228,
        "width": 10.161322515285873
    },
    "Mo": {
        "d_band_centre": -1.3051496943359546,
        "width": 8.070830777123097
    },
    "Sc": {
        "d_band_centre": -0.0777964273933686,
        "width": 3.304344509332496
    },
    "Os": {
        "d_band_centre": -1.839111587859013,
        "width": 11.044925478333198
    },
    "Nb": {
        "d_band_centre": -0.5404412176635338,
        "width": 6.5884415656923165
    },
    "Co": {
        "d_band_centre": -1.3456710255587132,
        "width": 6.965884464879237
    },
    "Ni": {
        "d_band_centre": -1.18587495604583,
        "width": 6.624896335125617
    },
    "Pt": {
        "d_band_centre": -2.249494955642682,
        "width": 8.692546321453305
    },
    "V": {
        "d_band_centre": -0.3821358885095649,
        "width": 5.557058035999085
    },
    "Re": {
        "d_band_centre": -1.1744620841307472,
        "width": 10.265857508080718
    },
    "Fe": {
        "d_band_centre": -1.2028379089161336,
        "width": 6.586013645119517
    },
    "Pd": {
        "d_band_centre": -1.7511185913067142,
        "width": 6.610654381093818
    }
}