{
    "Ag": {
        "d_band_centre": -4.163238346499181,
        "width": 1.547312819618848,
        "d_band_upper_edge": -2.8272565148047004
    },
    "Au": {
        "d_band_centre": -3.5665873207071668,
        "width": 2.2929787685915612,
        "d_band_upper_edge": -1.5654807641890998
    },
    "Co": {
        "d_band_centre": -1.2647754954814412,
        "width": 2.202510407967687,
        "d_band_upper_edge": 0.3959953106541998
    },
    "Cr": {
        "d_band_centre": 0.0480173839062162,
        "width": 1.7730973398504393,
        "d_band_upper_edge": 1.3871874504762003
    },
    "Cu": {
        "d_band_centre": -2.377983667547817,
        "width": 1.2669525372048476,
        "d_band_upper_edge": -1.4025449087827
    },
    "Fe": {
        "d_band_centre": -0.4276560449511643,
        "width": 1.2965559789634329,
        "d_band_upper_edge": 0.34704887994680034
    },
    "Hf": {
        "d_band_centre": 1.6408985065084851,
        "width": 4.911963734183097,
        "d_band_upper_edge": 5.8606953428914
    },
    "Ir": {
        "d_band_centre": -2.3096028359352103,
        "width": 4.211876016005647,
        "d_band_upper_edge": 0.8913749771245998
    },
    "Mo": {
        "d_band_centre": -0.11005965769634993,
        "width": 2.7055602205953257,
        "d_band_upper_edge": 1.8347646497471994
    },
    "Nb": {
        "d_band_centre": 0.2504017078321002,
        "width": 2.4433624757968118,
        "d_band_upper_edge": 0.9816473970589996
    },
    "Ni": {
        "d_band_centre": -1.237368163419796,
        "width": 1.786654964115887,
        "d_band_upper_edge": 0.13862221363200034
    },
    "Os": {
        "d_band_centre": -1.5547884299392891,
        "width": 4.842431297071088,
        "d_band_upper_edge": 2.4241959545575
    },
    "Pd": {
        "d_band_centre": -1.8631527198957456,
        "width": 2.466462953950063,
        "d_band_upper_edge": 0.04283457556279968
    },
    "Pt": {
        "d_band_centre": -2.42126025499485,
        "width": 3.368077813769952,
        "d_band_upper_edge": 0.13599995554109956
    },
    "Re": {
        "d_band_centre": -0.41397293614473074,
        "width": 5.2926416796195,
        "d_band_upper_edge": 0.007612161521400651
    },
    "Rh": {
        "d_band_centre": -1.964422865170021,
        "width": 3.2074419464884647,
        "d_band_upper_edge": 0.5313968125247
    },
    "Ru": {
        "d_band_centre": -1.5526495226828043,
        "width": 3.8410560071875244,
        "d_band_upper_edge": 1.6374787536534
    },
    "Sc": {
        "d_band_centre": 1.3996906642827842,
        "width": 2.6624031258940892,
        "d_band_upper_edge": 2.8498897309254003
    },
    "Ta": {
        "d_band_centre": 0.4956862626225777,
        "width": 2.681332044848069,
        "d_band_upper_edge": 2.9255915865398
    },
    "Ti": {
        "d_band_centre": 0.9846770395088397,
        "width": 3.027071487579439,
        "d_band_upper_edge": 3.4607194145596996
    },
    "V": {
        "d_band_centre": 0.34004310554102024,
        "width": 1.7672612248582746,
        "d_band_upper_edge": 1.9042245632908
    },
    "W": {
        "d_band_centre": 0.19970456967776115,
        "width": 2.69304837462439,
        "d_band_upper_edge": 2.1585531806463996
    },
    "Y": {
        "d_band_centre": 1.917104851402991,
        "width": 3.7467285896805658,
        "d_band_upper_edge": 5.011293866268001
    },
    "Zr": {
        "d_band_centre": 1.3626421149336125,
        "width": 4.188021807564015,
        "d_band_upper_edge": 5.036083867231699
    }
}