{
    "Ag": {
        "d_band_centre": -4.1363229466588765,
        "width": 3.12893499166892,
        "d_band_upper_edge": -2.9163030304240998
    },
    "Au": {
        "d_band_centre": -3.5132467141649157,
        "width": 4.576464753287608,
        "d_band_upper_edge": -1.8177554342049
    },
    "Co": {
        "d_band_centre": -1.2639477680421467,
        "width": 4.4450581425554985,
        "d_band_upper_edge": 0.4171260734547997
    },
    "Cr": {
        "d_band_centre": -0.8096893359903766,
        "width": 5.332772653163648,
        "d_band_upper_edge": 1.3666954765806998
    },
    "Cu": {
        "d_band_centre": -2.3368259260322612,
        "width": 2.3036380585196903,
        "d_band_upper_edge": -1.45680381046006
    },
    "Fe": {
        "d_band_centre": -1.1432241077735579,
        "width": 5.383742277355721,
        "d_band_upper_edge": 0.47641049510909994
    },
    "Hf": {
        "d_band_centre": -0.038657159400270195,
        "width": 3.4629234044520967,
        "d_band_upper_edge": 1.1425347476707
    },
    "Ir": {
        "d_band_centre": -2.379607205857544,
        "width": 8.685314143531441,
        "d_band_upper_edge": 0.47958244836630026
    },
    "Mo": {
        "d_band_centre": -1.0390966348179511,
        "width": 6.922925570375081,
        "d_band_upper_edge": 1.9623666703824
    },
    "Nb": {
        "d_band_centre": -0.3233403405899599,
        "width": 6.274495507089825,
        "d_band_upper_edge": 2.5535498002394
    },
    "Ni": {
        "d_band_centre": -1.363160086094249,
        "width": 3.951559253578621,
        "d_band_upper_edge": 0.08217957022719002
    },
    "Os": {
        "d_band_centre": -1.5325471629899685,
        "width": 9.665612280868991,
        "d_band_upper_edge": 1.4888613648006999
    },
    "Pd": {
        "d_band_centre": -1.9258108079519924,
        "width": 5.052543468056275,
        "d_band_upper_edge": 0.01962577908090002
    },
    "Pt": {
        "d_band_centre": -2.403808404629178,
        "width": 6.882418224857433,
        "d_band_upper_edge": 0.01624482387890014
    },
    "Re": {
        "d_band_centre": -0.9177983124027042,
        "width": 9.219281441622718,
        "d_band_upper_edge": 2.9163622899748
    },
    "Rh": {
        "d_band_centre": -2.034536625256221,
        "width": 6.496477130744251,
        "d_band_upper_edge": 0.47084642749680006
    },
    "Sc": {
        "d_band_centre": 0.17012016027597954,
        "width": 2.15119571761139,
        "d_band_upper_edge": 1.1257180877036999
    },
    "Ta": {
        "d_band_centre": -0.16840700139946432,
        "width": 6.916681662003042,
        "d_band_upper_edge": 3.0249072249831
    },
    "Ti": {
        "d_band_centre": -0.1000300286996723,
        "width": 2.712362263573393,
        "d_band_upper_edge": 1.066151532204
    },
    "V": {
        "d_band_centre": -0.19360688520446032,
        "width": 5.0112826931073995,
        "d_band_upper_edge": 2.0120346120376005
    },
    "Y": {
        "d_band_centre": -0.0037912167210598117,
        "width": 2.7811034537170882,
        "d_band_upper_edge": 1.1767620906085
    },
    "Zr": {
        "d_band_centre": -0.3954333995917347,
        "width": 3.9425073136541937,
        "d_band_upper_edge": 1.2558203359579
    },
    "Ru": {
        "d_band_centre": -2.1086495843940085,
        "width": 6.272790488387371,
        "d_band_upper_edge": 0.6677487967471993
    },
    "W": {
        "d_band_centre": -1.6309359771273582,
        "width": 6.541209072233572,
        "d_band_upper_edge": 1.2896480756664994
    }
}