{
    "Ag": {
        "d_band_centre": -4.1627798607504705,
        "width": 3.1053250249351017
    },
    "Au": {
        "d_band_centre": -3.5227980735246547,
        "width": 4.624906997806322
    },
    "Co": {
        "d_band_centre": -1.2703290362533328,
        "width": 4.46551945697691
    },
    "Cr": {
        "d_band_centre": -0.8087152110104445,
        "width": 5.352741266266477
    },
    "Cu": {
        "d_band_centre": -2.3216062331428216,
        "width": 2.2573328045451104
    },
    "Ir": {
        "d_band_centre": -2.3513495603497003,
        "width": 8.679359688101808
    },
    "Mo": {
        "d_band_centre": -1.048012230203622,
        "width": 6.942460131580569
    },
    "Nb": {
        "d_band_centre": -0.33006491059510384,
        "width": 6.2646950636228365
    },
    "Ni": {
        "d_band_centre": -1.3300492764584564,
        "width": 3.862081247067568
    },
    "Os": {
        "d_band_centre": -1.5698996028792405,
        "width": 9.655664265889346
    },
    "Pt": {
        "d_band_centre": -2.4122086192267314,
        "width": 6.634345503606246
    },
    "Re": {
        "d_band_centre": -0.939997090335758,
        "width": 9.278884518008326
    },
    "Ru": {
        "d_band_centre": -1.5913501370695011,
        "width": 7.636238964979865
    },
    "Sc": {
        "d_band_centre": 0.17547389601690516,
        "width": 2.1558840674328232
    },
    "Ti": {
        "d_band_centre": -0.18833939222378127,
        "width": 2.9325876010389647
    },
    "V": {
        "d_band_centre": -0.16551866593086959,
        "width": 4.9315599454207835
    },
    "W": {
        "d_band_centre": -0.9411545603154698,
        "width": 8.021593739328368
    },
    "Y": {
        "d_band_centre": 0.009103254571096392,
        "width": 2.7745190929063677
    },
    "Fe": {
        "d_band_centre": -1.0433380295178407,
        "width": 5.017036701013161
    },
    "Hf": {
        "d_band_centre": -0.26311676780196763,
        "width": 4.031259341995233
    },
    "Pd": {
        "d_band_centre": -1.8689257957354641,
        "width": 5.013705815547961
    },
    "Ta": {
        "d_band_centre": -0.15915914690800642,
        "width": 6.8874096622073715
    }
}