{
    "Ag": {
        "d_band_centre": -4.144937581412137,
        "width": 3.1343879040026486,
        "d_band_upper_edge": -2.8177435967534
    },
    "Au": {
        "d_band_centre": -3.548644753791834,
        "width": 4.651921080219869,
        "d_band_upper_edge": -1.7132933490532
    },
    "Co": {
        "d_band_centre": -1.2663665126552428,
        "width": 4.4037817763335925,
        "d_band_upper_edge": 0.4333577679288001
    },
    "Cr": {
        "d_band_centre": -0.7955635579307366,
        "width": 5.2850782544811015,
        "d_band_upper_edge": 1.4369829892622001
    },
    "Cu": {
        "d_band_centre": -2.369033040107284,
        "width": 2.414489379744722,
        "d_band_upper_edge": -1.37515742764581
    },
    "Fe": {
        "d_band_centre": -1.113765275747263,
        "width": 5.274012645658818,
        "d_band_upper_edge": 0.500711406587
    },
    "Hf": {
        "d_band_centre": -0.04307402205281387,
        "width": 3.4782184462791874,
        "d_band_upper_edge": 1.2504757981305001
    },
    "Ir": {
        "d_band_centre": -2.3771867465512355,
        "width": 8.59522342351457,
        "d_band_upper_edge": 0.5677018132098
    },
    "Mo": {
        "d_band_centre": -1.0410782980638895,
        "width": 6.904051425968105,
        "d_band_upper_edge": 1.9609497078051001
    },
    "Nb": {
        "d_band_centre": -0.31961527702638914,
        "width": 6.296956318288694,
        "d_band_upper_edge": 2.5537773450028998
    },
    "Ni": {
        "d_band_centre": -1.1771588300835498,
        "width": 3.211886191977844,
        "d_band_upper_edge": 0.14854188437066995
    },
    "Os": {
        "d_band_centre": -1.5554595149924206,
        "width": 9.67392327562106,
        "d_band_upper_edge": 2.4896627490567997
    },
    "Pd": {
        "d_band_centre": -1.945605760695254,
        "width": 5.0227908040797935,
        "d_band_upper_edge": 0.11574999653770002
    },
    "Pt": {
        "d_band_centre": -2.410344938652667,
        "width": 6.753546086037037,
        "d_band_upper_edge": 0.12569777173099994
    },
    "Re": {
        "d_band_centre": -0.9372610521375704,
        "width": 9.2043163915235,
        "d_band_upper_edge": 3.0249037102848995
    },
    "Rh": {
        "d_band_centre": -2.0155486205625177,
        "width": 6.496436141310576,
        "d_band_upper_edge": 0.49109111209690015
    },
    "Sc": {
        "d_band_centre": 0.20650152128713947,
        "width": 2.1721168751464197,
        "d_band_upper_edge": 1.182560107649
    },
    "Ta": {
        "d_band_centre": -0.15924623315364458,
        "width": 6.9295282721478975,
        "d_band_upper_edge": 3.0182047060504003
    },
    "Ti": {
        "d_band_centre": -0.21696470426184117,
        "width": 3.090794365527354,
        "d_band_upper_edge": 1.0584327686041002
    },
    "V": {
        "d_band_centre": -0.1776087161048866,
        "width": 4.99216949956267,
        "d_band_upper_edge": 2.0584778768039
    },
    "W": {
        "d_band_centre": -0.9273745140338594,
        "width": 7.994207983849978,
        "d_band_upper_edge": 2.5797304185197003
    },
    "Y": {
        "d_band_centre": 0.008439361573928179,
        "width": 2.8305357349176674,
        "d_band_upper_edge": 1.2537074700643
    },
    "Zr": {
        "d_band_centre": -0.42679517279367113,
        "width": 4.050913274261799,
        "d_band_upper_edge": 1.318661961038
    },
    "Ru": {
        "d_band_centre": -1.5702226036421807,
        "width": 7.643600301470576,
        "d_band_upper_edge": 1.7101869348917003
    }
}