{
    "Sc": {
        "d_band_centre": -0.28381745703276434,
        "width": 3.064208854912507
    },
    "Co": {
        "d_band_centre": -1.6036632842502028,
        "width": 6.4447253450981545
    },
    "Ni": {
        "d_band_centre": -1.61402666593625,
        "width": 5.504194901304622
    },
    "Cu": {
        "d_band_centre": -2.4976296318353293,
        "width": 5.130474351335114
    },
    "Zr": {
        "d_band_centre": -0.7513057653332736,
        "width": 4.229458070620046
    },
    "Mo": {
        "d_band_centre": -2.0716531617213794,
        "width": 6.444952523994237
    },
    "Ru": {
        "d_band_centre": -2.2332159839667813,
        "width": 7.897236101510815
    },
    "Rh": {
        "d_band_centre": -2.2297424281558547,
        "width": 7.444783102213576
    },
    "Pd": {
        "d_band_centre": -2.0213460283904934,
        "width": 6.428668569512558
    },
    "Ag": {
        "d_band_centre": -4.289223626792845,
        "width": 4.808279879357708
    },
    "Hf": {
        "d_band_centre": -0.872109222533662,
        "width": 5.215808315844617
    },
    "Ta": {
        "d_band_centre": -1.2796777650922302,
        "width": 5.392422106004398
    },
    "W": {
        "d_band_centre": -2.275978860601619,
        "width": 7.534371074258315
    },
    "Re": {
        "d_band_centre": -1.8122284234195798,
        "width": 8.997149303586799
    },
    "Os": {
        "d_band_centre": -2.619371831588485,
        "width": 9.6127557263437
    },
    "Ir": {
        "d_band_centre": -2.8182314932290917,
        "width": 9.557288302497431
    },
    "Pt": {
        "d_band_centre": -2.637236748774983,
        "width": 8.629263355900145
    },
    "Au": {
        "d_band_centre": -3.8160334549802837,
        "width": 6.740559957737261
    },
    "Cr": {
        "d_band_centre": -1.023845510456726,
        "width": 6.048457345706143
    },
    "Fe": {
        "d_band_centre": -1.0399189304941556,
        "width": 7.27533458504276
    },
    "Nb": {
        "d_band_centre": -0.5896690701546972,
        "width": 6.549463503895812
    },
    "Ti": {
        "d_band_centre": -0.08243889071508617,
        "width": 4.533939599549107
    },
    "V": {
        "d_band_centre": -0.42189709052604796,
        "width": 5.3342654511401735
    },
    "Y": {
        "d_band_centre": 0.22733640944118153,
        "width": 4.100544337981693
    }
}