{
    "Ag": {
        "d_band_centre": -4.144937581412137,
        "width": 3.1343879040026486
    },
    "Au": {
        "d_band_centre": -3.548644753791834,
        "width": 4.651921080219869
    },
    "Co": {
        "d_band_centre": -1.2663665126552428,
        "width": 4.4037817763335925
    },
    "Cr": {
        "d_band_centre": -0.7955635579307366,
        "width": 5.2850782544811015
    },
    "Cu": {
        "d_band_centre": -2.369033040107284,
        "width": 2.414489379744722
    },
    "Fe": {
        "d_band_centre": -1.113765275747263,
        "width": 5.274012645658818
    },
    "Hf": {
        "d_band_centre": -0.04307402205281387,
        "width": 3.4782184462791874
    },
    "Ir": {
        "d_band_centre": -2.3771867465512355,
        "width": 8.59522342351457
    },
    "Mo": {
        "d_band_centre": -1.0410782980638895,
        "width": 6.904051425968105
    },
    "Nb": {
        "d_band_centre": -0.31961527702638914,
        "width": 6.296956318288694
    },
    "Ni": {
        "d_band_centre": -1.1771588300835498,
        "width": 3.211886191977844
    },
    "Os": {
        "d_band_centre": -1.5554595149924206,
        "width": 9.67392327562106
    },
    "Pd": {
        "d_band_centre": -1.945605760695254,
        "width": 5.0227908040797935
    },
    "Pt": {
        "d_band_centre": -2.410344938652667,
        "width": 6.753546086037037
    },
    "Re": {
        "d_band_centre": -0.9372610521375704,
        "width": 9.2043163915235
    },
    "Rh": {
        "d_band_centre": -2.0155486205625177,
        "width": 6.496436141310576
    },
    "Sc": {
        "d_band_centre": 0.20650152128713947,
        "width": 2.1721168751464197
    },
    "Ta": {
        "d_band_centre": -0.15924623315364458,
        "width": 6.9295282721478975
    },
    "Ti": {
        "d_band_centre": -0.21696470426184117,
        "width": 3.090794365527354
    },
    "V": {
        "d_band_centre": -0.1776087161048866,
        "width": 4.99216949956267
    },
    "W": {
        "d_band_centre": -0.9273745140338594,
        "width": 7.994207983849978
    },
    "Y": {
        "d_band_centre": 0.008439361573928179,
        "width": 2.8305357349176674
    },
    "Zr": {
        "d_band_centre": -0.42679517279367113,
        "width": 4.050913274261799
    }
}