{
    "Ag": {
        "d_band_centre": -4.166425138562435,
        "width": 3.1145112709502696
    },
    "Au": {
        "d_band_centre": -3.522796471718443,
        "width": 4.6248799465938
    },
    "Co": {
        "d_band_centre": -1.272004815340109,
        "width": 4.450363987382884
    },
    "Cr": {
        "d_band_centre": -0.8064498549404439,
        "width": 5.3431040994124
    },
    "Cu": {
        "d_band_centre": -2.324060069544936,
        "width": 2.2642578748989783
    },
    "Ir": {
        "d_band_centre": -2.3479369928765,
        "width": 8.686498409445043
    },
    "Mo": {
        "d_band_centre": -1.0763898961927516,
        "width": 7.0223963953771005
    },
    "Nb": {
        "d_band_centre": -0.3332669136137771,
        "width": 6.271118861576146
    },
    "Ni": {
        "d_band_centre": -1.1636909153090502,
        "width": 3.273403386815238
    },
    "Os": {
        "d_band_centre": -1.5397517396091445,
        "width": 9.79331195848108
    },
    "Pt": {
        "d_band_centre": -2.377319429094001,
        "width": 6.4849737659470605
    },
    "Re": {
        "d_band_centre": -0.9399373412420851,
        "width": 9.278996432712246
    },
    "Ru": {
        "d_band_centre": -1.5913621931903488,
        "width": 7.636233086727322
    },
    "Sc": {
        "d_band_centre": 0.17265564732710642,
        "width": 2.1615301989479816
    },
    "Ti": {
        "d_band_centre": -0.18337904640361768,
        "width": 2.922666667186766
    },
    "V": {
        "d_band_centre": -0.16066457620977057,
        "width": 4.921845369780687
    },
    "W": {
        "d_band_centre": -0.9507166332899823,
        "width": 8.040731544446366
    },
    "Y": {
        "d_band_centre": 0.009191576860229802,
        "width": 2.774338762903511
    },
    "Fe": {
        "d_band_centre": -1.1281822542702926,
        "width": 5.344195650378742
    },
    "Hf": {
        "d_band_centre": -0.05641827055766198,
        "width": 3.4464247442392097
    },
    "Pd": {
        "d_band_centre": -1.873559692786495,
        "width": 5.004012688395974
    },
    "Ta": {
        "d_band_centre": -0.16227327710289788,
        "width": 6.898981361067358
    }
}