{
    "Ag": {
        "d_band_centre": -3.975770168050383,
        "width": 4.668123755986239
    },
    "Au": {
        "d_band_centre": -3.2947499990070006,
        "width": 6.198841745234169
    },
    "Co": {
        "d_band_centre": -1.1600053205385912,
        "width": 6.391643900809237
    },
    "Cr": {
        "d_band_centre": -0.7823571957789404,
        "width": 5.82487891128325
    },
    "Cu": {
        "d_band_centre": -2.2344304493457012,
        "width": 5.797204434740653
    },
    "Ir": {
        "d_band_centre": -2.114788664520925,
        "width": 9.582316185476175
    },
    "Mo": {
        "d_band_centre": -1.0254530980468433,
        "width": 7.3637064128987255
    },
    "Nb": {
        "d_band_centre": -0.3297549229897409,
        "width": 6.365042823922533
    },
    "Ni": {
        "d_band_centre": -1.0918374624023628,
        "width": 6.324933517039522
    },
    "Os": {
        "d_band_centre": -1.5829646868478675,
        "width": 10.019258070173002
    },
    "Pt": {
        "d_band_centre": -2.097285816923045,
        "width": 8.23415661992442
    },
    "Re": {
        "d_band_centre": -0.9240340657529753,
        "width": 9.572625406863805
    },
    "Ru": {
        "d_band_centre": -1.4734200731296963,
        "width": 8.084873784504495
    },
    "Sc": {
        "d_band_centre": 0.013800729166241288,
        "width": 3.108911958145412
    },
    "Ti": {
        "d_band_centre": -0.28598228122497066,
        "width": 3.7473445371669425
    },
    "V": {
        "d_band_centre": -0.1999040069558331,
        "width": 5.327388876955136
    },
    "W": {
        "d_band_centre": -0.963037884290547,
        "width": 8.63828292330323
    },
    "Y": {
        "d_band_centre": -0.019983969885913947,
        "width": 3.265696335414726
    },
    "Fe": {
        "d_band_centre": -1.0646202497675439,
        "width": 6.002926644424445
    },
    "Hf": {
        "d_band_centre": -0.4202559326037568,
        "width": 5.136670419218607
    },
    "Pd": {
        "d_band_centre": -1.634719253265201,
        "width": 6.317548847392838
    },
    "Ta": {
        "d_band_centre": -0.23872260541187887,
        "width": 7.295772677613053
    }
}