{
    "Ag": {
        "d_band_centre": -4.1363229466588765,
        "width": 1.56446749583446,
        "d_band_upper_edge": -2.9163030304240998
    },
    "Au": {
        "d_band_centre": -3.5132467141649157,
        "width": 2.288232376643804,
        "d_band_upper_edge": -1.8177554342049
    },
    "Co": {
        "d_band_centre": -1.2639477680421467,
        "width": 2.2225290712777492,
        "d_band_upper_edge": 0.4171260734547997
    },
    "Cr": {
        "d_band_centre": -0.8096893359903766,
        "width": 2.666386326581824,
        "d_band_upper_edge": 1.3666954765806998
    },
    "Cu": {
        "d_band_centre": -2.3368259260322612,
        "width": 1.1518190292598451,
        "d_band_upper_edge": -1.45680381046006
    },
    "Fe": {
        "d_band_centre": -1.1432241077735579,
        "width": 2.6918711386778607,
        "d_band_upper_edge": 0.47641049510909994
    },
    "Hf": {
        "d_band_centre": -0.038657159400270195,
        "width": 1.7314617022260483,
        "d_band_upper_edge": 1.1425347476707
    },
    "Ir": {
        "d_band_centre": -2.379607205857544,
        "width": 4.3426570717657205,
        "d_band_upper_edge": 0.47958244836630026
    },
    "Mo": {
        "d_band_centre": -1.0390966348179511,
        "width": 3.4614627851875404,
        "d_band_upper_edge": 1.9623666703824
    },
    "Nb": {
        "d_band_centre": -0.3233403405899599,
        "width": 3.1372477535449126,
        "d_band_upper_edge": 2.5535498002394
    },
    "Ni": {
        "d_band_centre": -1.363160086094249,
        "width": 1.9757796267893104,
        "d_band_upper_edge": 0.08217957022719002
    },
    "Os": {
        "d_band_centre": -1.5325471629899685,
        "width": 4.832806140434496,
        "d_band_upper_edge": 1.4888613648006999
    },
    "Pd": {
        "d_band_centre": -1.9258108079519924,
        "width": 2.5262717340281373,
        "d_band_upper_edge": 0.01962577908090002
    },
    "Pt": {
        "d_band_centre": -2.403808404629178,
        "width": 3.4412091124287163,
        "d_band_upper_edge": 0.01624482387890014
    },
    "Re": {
        "d_band_centre": -0.9177983124027042,
        "width": 4.609640720811359,
        "d_band_upper_edge": 2.9163622899748
    },
    "Rh": {
        "d_band_centre": -2.034536625256221,
        "width": 3.2482385653721253,
        "d_band_upper_edge": 0.47084642749680006
    },
    "Sc": {
        "d_band_centre": 0.17012016027597954,
        "width": 1.075597858805695,
        "d_band_upper_edge": 1.1257180877036999
    },
    "Ta": {
        "d_band_centre": -0.16840700139946432,
        "width": 3.458340831001521,
        "d_band_upper_edge": 3.0249072249831
    },
    "Ti": {
        "d_band_centre": -0.1000300286996723,
        "width": 1.3561811317866965,
        "d_band_upper_edge": 1.066151532204
    },
    "V": {
        "d_band_centre": -0.19360688520446032,
        "width": 2.5056413465536997,
        "d_band_upper_edge": 2.0120346120376005
    },
    "Y": {
        "d_band_centre": -0.0037912167210598117,
        "width": 1.3905517268585441,
        "d_band_upper_edge": 1.1767620906085
    },
    "Zr": {
        "d_band_centre": -0.3954333995917347,
        "width": 1.9712536568270969,
        "d_band_upper_edge": 1.2558203359579
    },
    "Ru": {
        "d_band_centre": -2.1086495843940085,
        "width": 3.1363952441936855,
        "d_band_upper_edge": 0.6677487967471993
    },
    "W": {
        "d_band_centre": -1.6309359771273582,
        "width": 3.270604536116786,
        "d_band_upper_edge": 1.2896480756664994
    }
}