{
    "Ag": {
        "d_band_centre": -4.159242706364365,
        "width": 1.5469177320498129,
        "d_band_upper_edge": -2.8542876339954
    },
    "Au": {
        "d_band_centre": -3.5343458629647504,
        "width": 2.286953387186766,
        "d_band_upper_edge": -1.8080757553718
    },
    "Co": {
        "d_band_centre": -1.2435066200579947,
        "width": 2.227033758150572,
        "d_band_upper_edge": 0.4028453590118999
    },
    "Cu": {
        "d_band_centre": -2.3998213666018824,
        "width": 1.2568049707558226,
        "d_band_upper_edge": -1.4441935384227
    },
    "Fe": {
        "d_band_centre": -1.1321606644773134,
        "width": 2.657562579559831,
        "d_band_upper_edge": 0.4613502157402003
    },
    "Ir": {
        "d_band_centre": -2.2455845408346704,
        "width": 4.223807375349686,
        "d_band_upper_edge": 0.8672512440185001
    },
    "Ni": {
        "d_band_centre": -1.237057848016281,
        "width": 1.7771472178586458,
        "d_band_upper_edge": 0.1287892977891003
    },
    "Os": {
        "d_band_centre": -1.5235690470099803,
        "width": 4.862662039473657,
        "d_band_upper_edge": 2.4172337562999004
    },
    "Pd": {
        "d_band_centre": -1.8791774148990268,
        "width": 2.4672740038077166,
        "d_band_upper_edge": 0.07615340468020015
    },
    "Re": {
        "d_band_centre": -0.4462962276197748,
        "width": 5.297647022934021,
        "d_band_upper_edge": 4.047819025067499
    },
    "Rh": {
        "d_band_centre": -1.9334191532755558,
        "width": 3.213089590603352,
        "d_band_upper_edge": 0.5458920632168001
    },
    "Ru": {
        "d_band_centre": -1.570683892059745,
        "width": 3.8022788952403794,
        "d_band_upper_edge": 1.6894892151737002
    },
    "Pt": {
        "d_band_centre": -2.454163545048919,
        "width": 3.3539803923658535,
        "d_band_upper_edge": 0.11703196881749989
    },
    "Cr": {
        "d_band_centre": -0.24255156402308334,
        "width": 3.2383776355719083,
        "d_band_upper_edge": 1.6245406281026002
    },
    "Hf": {
        "d_band_centre": 1.6399120569415513,
        "width": 4.966719843442426,
        "d_band_upper_edge": 3.934145671015
    },
    "Mo": {
        "d_band_centre": -0.3560236363647799,
        "width": 4.323314705076503,
        "d_band_upper_edge": 2.3725950559243003
    },
    "Nb": {
        "d_band_centre": 0.7473447753558005,
        "width": 4.312113892972308,
        "d_band_upper_edge": 4.067066651284399
    },
    "Sc": {
        "d_band_centre": 1.4010402112683913,
        "width": 2.6530700434151115,
        "d_band_upper_edge": 2.8514126662599004
    },
    "Ta": {
        "d_band_centre": 1.223772304581499,
        "width": 5.011688392150092,
        "d_band_upper_edge": 5.0732380651383
    },
    "Ti": {
        "d_band_centre": 0.9709721608874607,
        "width": 3.027559007976488,
        "d_band_upper_edge": 3.4458092450267
    },
    "V": {
        "d_band_centre": 0.609104359943878,
        "width": 3.258104016934552,
        "d_band_upper_edge": 2.6948259107937003
    },
    "W": {
        "d_band_centre": 0.050981409081999204,
        "width": 5.10688652707144,
        "d_band_upper_edge": 3.9458208705902003
    },
    "Y": {
        "d_band_centre": 1.7984372927634564,
        "width": 3.5679440452779883,
        "d_band_upper_edge": 5.2215785938664006
    },
    "Zr": {
        "d_band_centre": 1.3580660441251922,
        "width": 4.182720249666588,
        "d_band_upper_edge": 3.3483280427780002
    }
}