{
    "Ag": {
        "d_band_centre": -4.1382939501177285,
        "width": 3.1419427671608937
    },
    "Au": {
        "d_band_centre": -3.5132461046072483,
        "width": 4.576477502085921
    },
    "Co": {
        "d_band_centre": -1.2639442496610624,
        "width": 4.445036028234344
    },
    "Cr": {
        "d_band_centre": -0.8054503566526519,
        "width": 5.324291416874546
    },
    "Cu": {
        "d_band_centre": -2.3472042574329888,
        "width": 2.3616266255496576
    },
    "Fe": {
        "d_band_centre": -1.0436789081986657,
        "width": 5.063866294559105
    },
    "Hf": {
        "d_band_centre": -0.16264996974070695,
        "width": 3.790368371137576
    },
    "Ir": {
        "d_band_centre": -2.370372132864981,
        "width": 8.66591117538515
    },
    "Mo": {
        "d_band_centre": -1.0534977026165615,
        "width": 6.951792344467018
    },
    "Nb": {
        "d_band_centre": -0.32334042308440925,
        "width": 6.274497942596159
    },
    "Ni": {
        "d_band_centre": -1.2929739150641264,
        "width": 3.750998008725613
    },
    "Os": {
        "d_band_centre": -1.5658025329351362,
        "width": 9.693547961497336
    },
    "Pd": {
        "d_band_centre": -1.9122923972972614,
        "width": 5.024707413187632
    },
    "Pt": {
        "d_band_centre": -2.3793649724439696,
        "width": 6.773822889989364
    },
    "Re": {
        "d_band_centre": -0.917760882243967,
        "width": 9.219364730702383
    },
    "Rh": {
        "d_band_centre": -2.0257401566998166,
        "width": 6.515131906440916
    },
    "Sc": {
        "d_band_centre": 0.10055699535896737,
        "width": 2.350321979669926
    },
    "Ta": {
        "d_band_centre": -0.17140286129269489,
        "width": 6.929777588426758
    },
    "Ti": {
        "d_band_centre": -0.1942702264620422,
        "width": 2.9808431608929045
    },
    "V": {
        "d_band_centre": -0.19846414936239246,
        "width": 5.040739775224602
    },
    "Y": {
        "d_band_centre": 0.04104873415477892,
        "width": 2.6514250678717097
    },
    "Zr": {
        "d_band_centre": -0.39545458760050195,
        "width": 3.942547139066147
    }
}