{"pdos": [0.0, 0.0, 0.0, 0.0, 0.0, 0.0, 0.0, 0.0, 0.0, 0.0, 0.0, 3.19588157e-20, 4.7107436e-12, 2.9152333799999994e-07, 1.5247630399999998e-05, 5.3495084e-06, 1.13024e-06, 7.0074e-06, 3.718e-07, 2.2831e-11, 5.7805e-19, 0.0, 0.0, 0.0, 0.0, 0.0, 0.0, 0.0, 0.0, 0.0, 0.0, 0.0, 0.0, 0.0, 0.0, 0.0, 0.0, 0.0, 0.0, 0.0, 0.0, 0.0, 0.0, 0.0, 0.0, 0.0, 0.0, 0.0, 0.0, 0.0, 0.0, 0.0, 0.0, 0.0, 0.0, 0.0, 0.0, 0.0, 0.0, 0.0, 0.0, 0.0, 0.0, 0.0, 0.0, 0.0, 0.0, 0.0, 0.0, 0.0, 0.0, 0.0, 0.0, 0.0, 0.0, 0.0, 0.0, 0.0, 0.0, 0.0, 0.0, 0.0, 0.0, 0.0, 0.0, 0.0, 0.0, 0.0, 0.0, 0.0, 0.0, 0.0, 0.0, 0.0, 0.0, 0.0, 0.0, 0.0, 0.0, 0.0, 0.0, 0.0, 0.0, 0.0, 0.0, 0.0, 0.0, 0.0, 0.0, 0.0, 0.0, 0.0, 0.0, 0.0, 0.0, 0.0, 1.1944e-17, 4.5151999999999996e-10, 9.784e-06, 0.00038793, 0.00046151, 0.000103266, 0.00032569, 0.000140861, 8.1861e-07, 8.6375e-12, 6.7183e-20, 0.0, 0.0, 0.0, 0.0, 0.0, 0.0, 0.0, 0.0, 0.0, 0.0, 0.0, 0.0, 0.0, 0.0, 0.0, 0.0, 0.0, 0.0, 0.0, 0.0, 0.0, 0.0, 0.0, 0.0, 0.0, 0.0, 0.0, 0.0, 0.0, 0.0, 0.0, 0.0, 0.0, 0.0, 0.0, 0.0, 0.0, 0.0, 0.0, 0.0, 0.0, 0.0, 0.0, 0.0, 0.0, 0.0, 0.0, 0.0, 0.0, 0.0, 0.0, 0.0, 0.0, 0.0, 0.0, 0.0, 0.0, 0.0, 0.0, 0.0, 0.0, 0.0, 0.0, 0.0, 0.0, 0.0, 0.0, 0.0, 0.0, 0.0, 0.0, 0.0, 0.0, 0.0, 0.0, 0.0, 0.0, 0.0, 0.0, 0.0, 0.0, 0.0, 0.0, 0.0, 0.0, 0.0, 0.0, 0.0, 0.0, 0.0, 0.0, 0.0, 0.0, 0.0, 0.0, 0.0, 0.0, 0.0, 0.0, 0.0, 0.0, 0.0, 0.0, 0.0, 0.0, 0.0, 6.014495999999999e-19, 4.873877e-11, 1.531904e-06, 6.734e-05, 0.00018785900000000002, 0.00027145, 0.00093742, 0.0022334, 0.0025956, 0.0029586, 0.0046628, 0.0063357, 0.013884999999999998, 0.021845999999999997, 0.020895, 0.029286, 0.038717, 0.070314, 0.08769999999999999, 0.15384, 0.24880999999999998, 0.33629000000000003, 0.37148, 0.48759, 0.53826, 0.8881, 1.2965999999999998, 1.4626000000000001, 1.7701999999999998, 1.5408, 0.64389, 1.2684000000000002, 2.2055000000000002, 1.5693000000000001, 1.44641, 1.37923, 2.3600000000000003, 1.6101, 2.0572, 1.9051, 2.3416, 1.5198, 1.16861, 2.12852, 1.30547, 1.18781, 0.50573, 0.45187, 0.4027899999999999, 0.28076, 0.13419, 0.14445, 0.10740999999999999, 0.054495, 0.0095053, 0.000115867, 4.3741e-09, 6.3253e-17, 0.0, 0.0, 0.0, 0.0, 0.0, 0.0, 0.0, 0.0, 0.0, 0.0], "energies": [-52.609636509999994, -52.40663651, -52.203636509999995, -52.00163651, -51.798636509999994, -51.59563651, -51.392636509999996, -51.18963651, -50.98663651, -50.78363651, -50.58063651, -50.377636509999995, -50.17463651, -49.971636509999996, -49.76863651, -49.56563651, -49.362636509999994, -49.15963651, -48.956636509999996, -48.75363651, -48.55063651, -48.34763651, -48.14463651, -47.941636509999995, -47.73863651, -47.535636509999996, -47.33263651, -47.12963651, -46.926636509999994, -46.72363651, -46.52163651, -46.31863651, -46.115636509999995, -45.91263651, -45.709636509999996, -45.50663651, -45.30363651, -45.100636509999994, -44.89763651, -44.694636509999995, -44.49163651, -44.288636509999996, -44.08563651, -43.88263651, -43.679636509999995, -43.47663651, -43.273636509999996, -43.07063651, -42.86763651, -42.664636509999994, -42.46163651, -42.258636509999995, -42.05563651, -41.852636509999996, -41.64963651, -41.44663651, -41.24463651, -41.04163651, -40.83863651, -40.63563651, -40.432636509999995, -40.22963651, -40.026636509999996, -39.82363651, -39.62063651, -39.417636509999994, -39.21463651, -39.011636509999995, -38.80863651, -38.60563651, -38.40263651, -38.19963651, -37.996636509999995, -37.79363651, -37.590636509999996, -37.38763651, -37.18463651, -36.981636509999994, -36.77863651, -36.575636509999995, -36.37263651, -36.16963651, -35.96663651, -35.764636509999995, -35.56163651, -35.35863651, -35.15563651, -34.95263651, -34.749636509999995, -34.54663651, -34.343636509999996, -34.14063651, -33.93763651, -33.734636509999994, -33.53163651, -33.328636509999995, -33.12563651, -32.92263651, -32.71963651, -32.51663651, -32.313636509999995, -32.11063651, -31.90763651, -31.704636510000004, -31.50163651, -31.29863651, -31.095636510000002, -30.892636510000003, -30.68963651, -30.48663651, -30.284636510000002, -30.081636510000003, -29.87863651, -29.67563651, -29.47263651, -29.26963651, -29.066636510000002, -28.863636510000003, -28.66063651, -28.45763651, -28.25463651, -28.05163651, -27.848636510000002, -27.645636510000003, -27.44263651, -27.23963651, -27.03663651, -26.83363651, -26.630636510000002, -26.427636510000003, -26.22463651, -26.02163651, -25.81863651, -25.61563651, -25.412636510000002, -25.20963651, -25.00663651, -24.80463651, -24.601636510000002, -24.39863651, -24.19563651, -23.99263651, -23.78963651, -23.58663651, -23.383636510000002, -23.18063651, -22.97763651, -22.77463651, -22.57163651, -22.36863651, -22.165636510000002, -21.96263651, -21.75963651, -21.55663651, -21.35363651, -21.150636510000002, -20.947636510000002, -20.74463651, -20.54163651, -20.33863651, -20.13563651, -19.932636510000002, -19.729636510000002, -19.52763651, -19.32463651, -19.121636510000002, -18.918636510000002, -18.71563651, -18.51263651, -18.30963651, -18.10663651, -17.903636510000002, -17.700636510000002, -17.49763651, -17.29463651, -17.09163651, -16.88863651, -16.685636510000002, -16.482636510000003, -16.27963651, -16.07663651, -15.873636509999999, -15.67063651, -15.46763651, -15.264636509999999, -15.06163651, -14.858636509999998, -14.655636509999999, -14.45263651, -14.249636509999998, -14.047636509999998, -13.844636509999999, -13.64163651, -13.438636509999998, -13.235636509999999, -13.03263651, -12.829636509999998, -12.626636509999999, -12.42363651, -12.220636509999999, -12.017636509999999, -11.81463651, -11.611636509999999, -11.40863651, -11.20563651, -11.002636509999999, -10.79963651, -10.59663651, -10.393636509999999, -10.19063651, -9.98763651, -9.784636509999999, -9.58163651, -9.37863651, -9.175636509999999, -8.97263651, -8.76963651, -8.56763651, -8.364636509999999, -8.16163651, -7.958636510000001, -7.7556365099999995, -7.55263651, -7.349636510000001, -7.14663651, -6.94363651, -6.74063651, -6.5376365100000005, -6.33463651, -6.13163651, -5.9286365100000005, -5.72563651, -5.52263651, -5.3196365100000005, -5.11663651, -4.91363651, -4.7106365100000005, -4.50763651, -4.30463651, -4.1016365100000005, -3.89863651, -3.69563651, -3.4926365100000005, -3.2896365100000002, -3.0876365100000003, -2.88463651, -2.68163651, -2.4786365100000003, -2.27563651, -2.07263651, -1.8696365100000003, -1.66663651, -1.4636365100000002, -1.2606365099999999, -1.05763651, -0.8546365100000001, -0.65163651, -0.44863650999999993, -0.24563651000000009, -0.042636510000000016, 0.16036348999999994, 0.36336348999999996, 0.56636349, 0.7693634899999999, 0.97236349, 1.17536349, 1.37836349, 1.58136349, 1.78436349, 1.98736349, 2.18936349, 2.39236349, 2.59536349, 2.79836349, 3.0013634899999997, 3.20436349, 3.40736349, 3.6103634899999997, 3.81336349, 4.01636349, 4.21936349, 4.42236349, 4.62536349, 4.82836349, 5.0313634899999995, 5.23436349, 5.43736349, 5.6403634899999995, 5.84336349, 6.04636349, 6.2493634899999995, 6.45236349, 6.65536349, 6.8583634899999995, 7.06136349, 7.26436349, 7.467363489999999, 7.66936349, 7.87236349, 8.07536349, 8.27836349], "note": "Energies referenced to Fermi level", "description": "Calculation done with VASP"}