{
    "O": {
        "Ni": 1.8039630570737195e-05,
        "Cu": 1.5677931642972278,
        "Zr": 2.979092387718447e-05,
        "Mo": 1.119678365861774e-05,
        "Ru": 0.0008226177315125774,
        "Rh": 0.30426663462853915,
        "Pd": 0.3491751737670811,
        "Ag": 0.5934041295207343,
        "Hf": 9.811817340416457e-05,
        "Ta": 8.830174969064772e-06,
        "W": 1.8467887626956187e-05,
        "Re": 6.71096942184981e-05,
        "Os": 0.4776534484412396,
        "Ir": 0.7319254341531624,
        "Pt": 0.8729940087178796,
        "Au": 2.202844265132054,
        "Cr": 2.742157108200083e-05,
        "Fe": 1.4289331204206393e-05,
        "Nb": 0.00014218627780287953,
        "Ti": 2.8029139299779338e-05,
        "V": 4.3191540351758876e-05,
        "Y": 1.2986032702855873e-05
    },
    "C": {
        "Ni": 1.0862674511757393,
        "Cu": 0.9846977662749213,
        "Zr": 6.901497660423295e-07,
        "Mo": 0.5081760331002678,
        "Ru": 0.7111124091363336,
        "Rh": 0.9664664540742833,
        "Pd": 1.1077940082512852,
        "Ag": 1.0078577680656,
        "Hf": 0.19199880454169654,
        "Ta": 0.4567244332252877,
        "W": 0.5853317470898707,
        "Re": 0.7424100616022683,
        "Os": 0.6664614479099092,
        "Ir": 0.80874446904691,
        "Pt": 1.5329978759313259,
        "Au": 1.3001908554477215,
        "Cr": 0.553552195755234,
        "Fe": 0.841775541622204,
        "Nb": 0.5297100898700848,
        "Ti": 0.2466357365881423,
        "V": 0.4555163318771641,
        "Y": 1.1225479564873613e-06
    }
}