{
    "O": {
        "Ag": 0.6534579507875641,
        "Au": 2.0203934485986896,
        "Co": 1.2318646063589673,
        "Cr": 1.077630772270154,
        "Cu": 1.5475485620607212,
        "Ir": 1.563247268501463,
        "Mo": 1.351305527935076,
        "Nb": 2.403719084003843,
        "Ni": 1.4547724959015471,
        "Os": 1.5716890568835589,
        "Pt": 1.316244969995084,
        "Re": 1.5487385142016938,
        "Ru": 1.4814029578092969,
        "Sc": 0.9364015799957445,
        "Ti": 0.9989188850518589,
        "V": 1.2877330356245082,
        "W": 1.8161672199869898,
        "Y": 5.668482902565926,
        "Fe": 1.2211111589194843,
        "Hf": 3.271163573247382,
        "Pd": 1.2861182826362743,
        "Ta": 1.6126397196024278
    },
    "C": {
        "Ag": 1.1574284512256845,
        "Au": 1.1463976103269586,
        "Co": 0.799706890827486,
        "Cr": 4.412156551643039e-07,
        "Cu": 0.917805083143808,
        "Ir": 1.0649286006500307,
        "Mo": 0.4599478129438876,
        "Nb": 0.16510162086188734,
        "Ni": 0.7925005899654268,
        "Os": 0.9868220735865009,
        "Pt": 0.9635702749777804,
        "Re": 0.8159824770195345,
        "Ru": 0.8484914457351452,
        "Sc": 5.85858285087108e-06,
        "Ti": 1.4521928586028388e-06,
        "V": 1.949784787217947e-05,
        "W": 0.6920146798387541,
        "Y": 1.0298094815762611e-05,
        "Fe": 0.7709103619671526,
        "Hf": 2.6427408643934754e-05,
        "Pd": 0.8068207252614608,
        "Ta": 0.2097331906893923
    }
}