{
    "LCAO": {
        "Au": {
            "beta": 3.279115722897242,
            "beta_p": 2.6746129198975823,
            "eps_d": -3.310664770853373,
            "eps_a": -0.2751249273683074,
            "Vak": 6.317566142772564
        },
        "Ti": {
            "beta": 4.314781063212612,
            "beta_p": 2.1111389402570855,
            "eps_d": 1.2323973406639648,
            "eps_a": -0.6533371171245603,
            "Vak": 10.401434406639037
        },
        "W": {
            "beta": 6.882709980844932,
            "beta_p": 1.391126573430663,
            "eps_d": 0.26917178531959074,
            "eps_a": -0.8686911942164546,
            "Vak": 11.311558487921008
        },
        "Pt": {
            "beta": 4.811601320775221,
            "beta_p": 1.8584635879577716,
            "eps_d": -2.159370545109061,
            "eps_a": -0.28467182777388,
            "Vak": 8.064079325696536
        },
        "Al": {
            "beta": 13.578508762684464,
            "beta_p": 0.7545975622674296,
            "eps_d": 4.121010323503841,
            "eps_a": -0.9304659144718723,
            "Vak": 7.194087562798985
        },
        "Nb": {
            "beta": 5.759313355100389,
            "beta_p": 1.661499203274413,
            "eps_d": 0.8909111463212072,
            "eps_a": -1.2124143775466907,
            "Vak": 11.965496907156401
        },
        "Re": {
            "beta": 5.861431095328359,
            "beta_p": 1.5098996676284455,
            "eps_d": -0.9676828273306368,
            "eps_a": -0.8439557239568449,
            "Vak": 10.489251433122652
        },
        "Cu": {
            "beta": 2.106886108531828,
            "beta_p": 4.229112534804004,
            "eps_d": -2.2429626418966286,
            "eps_a": -0.5579004023328906,
            "Vak": 6.91011765851158
        },
        "Os": {
            "beta": 6.770223998423645,
            "beta_p": 1.4832522088915367,
            "eps_d": -1.557164858212972,
            "eps_a": -1.0509563704768432,
            "Vak": 11.19875191541171
        },
        "Ta": {
            "beta": 7.575746708194834,
            "beta_p": 1.3521861411909901,
            "eps_d": 1.8140787890426622,
            "eps_a": -0.6738516510189685,
            "Vak": 9.967350169060234
        },
        "Mo": {
            "beta": 5.105240852121457,
            "beta_p": 1.7708149676740137,
            "eps_d": -0.4975298264856223,
            "eps_a": -1.7576195675963104,
            "Vak": 14.932882647553669
        },
        "Rh": {
            "beta": 4.251055744042369,
            "beta_p": 2.0529470783737573,
            "eps_d": -2.0009352904666837,
            "eps_a": -0.0066254450506484375,
            "Vak": 6.847604705152962
        },
        "Ir": {
            "beta": 5.1389513199846775,
            "beta_p": 1.7298612824358797,
            "eps_d": -2.687619777861568,
            "eps_a": -0.08667938792908725,
            "Vak": 7.508921680875405
        },
        "Sc": {
            "beta": 3.4701942649413526,
            "beta_p": 2.520933106210947,
            "eps_d": 1.5635496967167426,
            "eps_a": -0.549605306761316,
            "Vak": 8.665675247899427
        },
        "Cr": {
            "beta": 3.840117351459376,
            "beta_p": 2.3462852433912036,
            "eps_d": -0.28219114278130863,
            "eps_a": -7.894616557214473,
            "Vak": 16.91510397850012
        },
        "Pd": {
            "beta": 3.529187103253365,
            "beta_p": 2.5300889506388975,
            "eps_d": -1.6567338255942436,
            "eps_a": -0.05735036650734493,
            "Vak": 7.071573017390507
        },
        "Ru": {
            "beta": 4.56143845716787,
            "beta_p": 1.9600937014578792,
            "eps_d": -1.6430544445420852,
            "eps_a": -2.157817374375888,
            "Vak": 18.013237342316856
        },
        "Y": {
            "beta": 7.6619953102026015,
            "beta_p": 1.4761342765955057,
            "eps_d": 3.104024272280382,
            "eps_a": -0.4175855401479094,
            "Vak": 7.208897171392588
        },
        "Ni": {
            "beta": 3.6693332185755034,
            "beta_p": 2.7037225943080436,
            "eps_d": -0.3875492553138127,
            "eps_a": -0.05508135082695986,
            "Vak": 7.250632323636096
        },
        "Hf": {
            "beta": 7.7241593529322605,
            "beta_p": 1.3377938182838376,
            "eps_d": 2.354788453874971,
            "eps_a": -0.5049151202811428,
            "Vak": 8.896815436128296
        },
        "V": {
            "beta": 4.320235886801523,
            "beta_p": 2.1936038863825877,
            "eps_d": 0.9133767239367234,
            "eps_a": -0.6939748895706916,
            "Vak": 11.589558888639196
        },
        "Ag": {
            "beta": 1.9941280048926264,
            "beta_p": 4.170611862264665,
            "eps_d": -4.146397397650009,
            "eps_a": -0.5446755117594426,
            "Vak": 7.95150633442843
        },
        "Zr": {
            "beta": 5.646893738279912,
            "beta_p": 1.6663660124243609,
            "eps_d": 1.206957303849841,
            "eps_a": -0.7198680443346959,
            "Vak": 9.514917643049134
        }
    }
}