{
    "O": {
        "Os": {
            "beta": 6.9219252110067755,
            "beta_p": 1.4682347554990132,
            "eps_d": -1.6509028144760176,
            "eps_a": -1.1543844716182825
        },
        "W": {
            "beta": 7.119423711186509,
            "beta_p": 1.3651637284780225,
            "eps_d": 0.11756707273755573,
            "eps_a": -0.9068619426941229
        },
        "Pd": {
            "beta": 3.6761396455127655,
            "beta_p": 2.474110346674658,
            "eps_d": -1.5785310471045584,
            "eps_a": -0.8798027739342347
        },
        "Mo": {
            "beta": 5.116158391190326,
            "beta_p": 1.769690802850786,
            "eps_d": -0.5001743836941239,
            "eps_a": -1.0450477412030867
        },
        "Al": {
            "beta": 13.543783680292904,
            "beta_p": 0.7701941888467223,
            "eps_d": 3.848188393960384,
            "eps_a": -0.7914263454011321
        },
        "Rh": {
            "beta": 4.639435461553259,
            "beta_p": 1.9495226043109408,
            "eps_d": -2.0476792470342966,
            "eps_a": -0.9993108032279467
        },
        "Hf": {
            "beta": 8.255589665761502,
            "beta_p": 1.2907470329974506,
            "eps_d": 2.001360802001213,
            "eps_a": -0.7508586218120401
        },
        "Nb": {
            "beta": 7.143121163682702,
            "beta_p": 1.460953988484286,
            "eps_d": 0.327858331291047,
            "eps_a": -0.817943653451092
        },
        "Ir": {
            "beta": 5.244732355303591,
            "beta_p": 1.7142491669950317,
            "eps_d": -2.7285599712338975,
            "eps_a": -1.1429444558030406
        },
        "Ni": {
            "beta": 2.6852726483478078,
            "beta_p": 3.228990629986449,
            "eps_d": -1.0877423446303558,
            "eps_a": -0.9937374260649952
        },
        "Pt": {
            "beta": 4.991967522062919,
            "beta_p": 1.8220319591090892,
            "eps_d": -2.274055927797252,
            "eps_a": -1.0572834454163251
        },
        "Au": {
            "beta": 3.370004765956589,
            "beta_p": 2.6312933075782667,
            "eps_d": -3.3758427563288214,
            "eps_a": -0.697726453917336
        },
        "Y": {
            "beta": 3.116627459151556,
            "beta_p": 2.489522555395211,
            "eps_d": 0.8867211662426397,
            "eps_a": -0.2609886210899033
        },
        "Cu": {
            "beta": 2.110725301104217,
            "beta_p": 4.231761849433379,
            "eps_d": -2.240349519111943,
            "eps_a": -0.6012149068664252
        },
        "Sc": {
            "beta": 3.476430018987973,
            "beta_p": 2.519600462871516,
            "eps_d": 1.5640363879201025,
            "eps_a": -0.44817414771017283
        },
        "Re": {
            "beta": 7.091924871073949,
            "beta_p": 1.345543846944646,
            "eps_d": -0.7205626000288214,
            "eps_a": -1.1193800728813272
        },
        "Ru": {
            "beta": 4.678173993698287,
            "beta_p": 1.9288465144649427,
            "eps_d": -1.6357720984190438,
            "eps_a": -1.0192573497212143
        },
        "Ta": {
            "beta": 8.61410178994853,
            "beta_p": 1.2518735104905745,
            "eps_d": 1.772440822940819,
            "eps_a": -0.7876247364276585
        },
        "Zr": {
            "beta": 6.09130872246347,
            "beta_p": 1.5977630927333393,
            "eps_d": 0.8576126903725934,
            "eps_a": -0.7237278190299783
        },
        "Ti": {
            "beta": 4.324288940581267,
            "beta_p": 2.109832173193097,
            "eps_d": 1.2300658123975658,
            "eps_a": -0.8984923349128202
        },
        "Ag": {
            "beta": 5.574931803779023,
            "beta_p": 2.318478856093264,
            "eps_d": -3.635693547848594,
            "eps_a": -0.4509456364643851
        },
        "Cr": {
            "beta": 3.9085519937803035,
            "beta_p": 2.3227215916648234,
            "eps_d": -0.23257781778062103,
            "eps_a": -1.1949531301087735
        }
    },
    "C": {
        "Ru": {
            "beta": 4.56143845716787,
            "beta_p": 1.9600937014578792,
            "eps_d": -1.6430544445420852,
            "eps_a": -2.157817374375888
        },
        "Os": {
            "beta": 6.770223998423645,
            "beta_p": 1.4832522088915367,
            "eps_d": -1.557164858212972,
            "eps_a": -1.0509563704768432
        },
        "Au": {
            "beta": 3.279115722897242,
            "beta_p": 2.6746129198975823,
            "eps_d": -3.310664770853373,
            "eps_a": -0.2751249273683074
        },
        "Pt": {
            "beta": 4.811601320775221,
            "beta_p": 1.8584635879577716,
            "eps_d": -2.159370545109061,
            "eps_a": -0.28467182777388
        },
        "Pd": {
            "beta": 3.529187103253365,
            "beta_p": 2.5300889506388975,
            "eps_d": -1.6567338255942436,
            "eps_a": -0.05735036650734493
        },
        "Mo": {
            "beta": 5.105240852121457,
            "beta_p": 1.7708149676740137,
            "eps_d": -0.4975298264856223,
            "eps_a": -1.7576195675963104
        },
        "Rh": {
            "beta": 4.251055744042369,
            "beta_p": 2.0529470783737573,
            "eps_d": -2.0009352904666837,
            "eps_a": -0.0066254450506484375
        },
        "Nb": {
            "beta": 5.759313355100389,
            "beta_p": 1.661499203274413,
            "eps_d": 0.8909111463212072,
            "eps_a": -1.2124143775466907
        },
        "Ni": {
            "beta": 3.6693332185755034,
            "beta_p": 2.7037225943080436,
            "eps_d": -0.3875492553138127,
            "eps_a": -0.05508135082695986
        },
        "Hf": {
            "beta": 7.7241593529322605,
            "beta_p": 1.3377938182838376,
            "eps_d": 2.354788453874971,
            "eps_a": -0.5049151202811428
        },
        "W": {
            "beta": 6.882709980844932,
            "beta_p": 1.391126573430663,
            "eps_d": 0.26917178531959074,
            "eps_a": -0.8686911942164546
        },
        "Ir": {
            "beta": 5.1389513199846775,
            "beta_p": 1.7298612824358797,
            "eps_d": -2.687619777861568,
            "eps_a": -0.08667938792908725
        },
        "Ti": {
            "beta": 4.314781063212612,
            "beta_p": 2.1111389402570855,
            "eps_d": 1.2323973406639648,
            "eps_a": -0.6533371171245603
        },
        "Cr": {
            "beta": 3.840117351459376,
            "beta_p": 2.3462852433912036,
            "eps_d": -0.28219114278130863,
            "eps_a": -7.894616557214473
        },
        "Sc": {
            "beta": 3.4701942649413526,
            "beta_p": 2.520933106210947,
            "eps_d": 1.5635496967167426,
            "eps_a": -0.549605306761316
        },
        "Ag": {
            "beta": 1.9941280048926264,
            "beta_p": 4.170611862264665,
            "eps_d": -4.146397397650009,
            "eps_a": -0.5446755117594426
        },
        "Zr": {
            "beta": 5.646893738279912,
            "beta_p": 1.6663660124243609,
            "eps_d": 1.206957303849841,
            "eps_a": -0.7198680443346959
        },
        "Re": {
            "beta": 5.861431095328359,
            "beta_p": 1.5098996676284455,
            "eps_d": -0.9676828273306368,
            "eps_a": -0.8439557239568449
        },
        "Ta": {
            "beta": 7.575746708194834,
            "beta_p": 1.3521861411909901,
            "eps_d": 1.8140787890426622,
            "eps_a": -0.6738516510189685
        },
        "Al": {
            "beta": 13.578508762684464,
            "beta_p": 0.7545975622674296,
            "eps_d": 4.121010323503841,